公司名称,公司logo链接,公司详情链接,行业,创立时间,公司位置,融资情况,基本信息,公司Tag,公司规模,公司状态
江西省章鱼强网络科技有限公司,https://cdn.itjuzi.com/images/d425bbf8cd7ceacacd9e42668a04383f.png?imageView2/0/w/100/q/100,https://www.itjuzi.com/company/83360,电子商务,2016.6,江西·南昌市,暂未收录融资信息,章鱼强是一个集线上PC端、手机APP端的新零售商城，从事校园1小时配送，业务范围有：校园兼职、校园电商、校园金融，主要目标消费者为大学生、家庭主妇和工薪阶层，是一个新时代下的新零售企业，着力解决消费者在购物过程中的痛点，让消费者在购物过程中感到轻松幸福，隶属于江西省章鱼强网络科技有限公司。,电子商务、综合电商、校园电商、新零售,30-50人,运营中
深圳有点创意文化有限公司,无公司logo图片,https://www.itjuzi.com/company/83349,文化娱乐,2017.1,广东·深圳市,暂未收录融资信息,是一家商业创意导向公司，致力于为企业提供商业创意前策及落地执行。,设计及创意、文化娱乐,不明确,运营中
大伟聊车,https://cdn.itjuzi.com/images/03a07edf7995fd7c136d1d6e4eec3f14.png?imageView2/0/w/100/q/100,https://www.itjuzi.com/company/83335,文化娱乐,2017.8,北京·朝阳区,暂未收录融资信息,大伟聊车是一个汽车类视频自媒体，产品主要是视频栏目，涵盖新车评、汽车拆解、自驾线路探索等，模式采用内容分发的模式，将做好的节目分发至各个汽车媒体和自媒体平台，解决用户买车选车用车的问题。,自媒体、汽车交通、汽车媒体及社区、媒体及阅读,不明确,运营中
广州网律互联网科技有限公司,https://cdn.itjuzi.com/images/18ed9147cd4fafa18aa028a4bf12e9e4.png?imageView2/0/w/100/q/100,https://www.itjuzi.com/company/83319,本地生活,2010.1,广东·广州市,暂未收录融资信息,网律科技是一家互联网法律服务企业。核心业务主要包括：会员服务、品牌广告、区县承包、专题承包、网站建设、网站托管、私人定制营销解决方案等各类创新营销业务，业务规模已覆盖全国99%城市，80多个法律专业领域，服务全国最大的律师群体及法律需求人群。公司致力于在解决公众法律服务需求的同时也能帮助律师快速成长发展。,本地生活、其他生活服务、个人法务,暂未收录,运营中
大腿（北京）科技有限公司,https://cdn.itjuzi.com/images/42ca2d82b84a97f5aa1c199a8b3cde31.png?imageView2/0/w/100/q/100,https://www.itjuzi.com/company/83307,教育,2016.1,北京·海淀区,2016.12种子轮30万人民币,大腿科技是一家有趣的VR教育实验室提供商，目前主要服务于中美两国的中小学和科技馆等。,VR虚拟现实、教育、教育信息化、VR内容、教辅工具和设备,10-15人,运营中
北京客捷科技有限公司,无公司logo图片,https://www.itjuzi.com/company/83283,汽车交通,2017.3,北京·朝阳区,暂未收录融资信息,车里子是聚焦加油站/充电站能源终端，聚合汽车后市场资源，服务车主，提供保养、快修、汽车用品服务及车险、汽车金融服务的综合平台，主要着眼于中高端。,汽车保养、汽车维修、汽车交通、汽车后服务,暂未收录,运营中
深圳市水媒传播有限公司,https://cdn.itjuzi.com/images/39a0ad458bfb123bd02608eb9c752219.png?imageView2/0/w/100/q/100,https://www.itjuzi.com/company/83273,广告营销,2017.8,广东·深圳市,暂未收录融资信息,水媒传播是一家新型移动社交广告工具提供商，致力于让广告在社交用户中自主传播，不断进行自媒体资源创新和整合，扩大广告可覆盖的社交用户数，提升广告曝光率和传播精准性，保障工具的性能和安全，为广告在移动社交领域开创了一个新的自主传播渠道，隶属于深圳市水媒传播有限公司。,广告营销、广告技术、移动及网络广告,15-30人,运营中
太原汉亚科技有限公司,https://cdn.itjuzi.com/images/f758a4efc301176e4e9aebf1dfdb4744.png?imageView2/0/w/100/q/100,https://www.itjuzi.com/company/83262,广告营销,2015.12,山西·太原市,暂未收录融资信息,汉亚影视动漫是一家集动画设计、影视广告、漫画设计、自媒体视频广告、网络广告、电视广告、摄影摄像为一体的影视动漫设计公司，隶属于太原汉亚科技有限公司。,广告营销、网络广告、广告技术、设计及创意、电视广告,30-50人,运营中
七十二变(北京)文化传媒有限公司,https://cdn.itjuzi.com/images/8c8b0c30f7f29212af27aa2e8d3fde02.jpg?imageView2/0/w/100/q/100,https://www.itjuzi.com/company/83253,文化娱乐,2016.5,北京·朝阳区,暂未收录融资信息,七十二变传媒致力于打造医疗美容垂直领域的视频内容矩阵，以短视频、直播等作为载体，力求打造医美行业具有公信力的内容IP，构建医美消费用户的互动社区，为医美机构提供精准的用户流量入口，旗下栏目《咋整呢呵呵》是一档整形强知识类脱口秀栏目，此外还有《偷偷美成仙》、《名医直播面诊》等。,女性经济、美容、视频、整容整形、文化娱乐、女性创业者、短视频、真人秀,50-100人,运营中
西安纽扣软件科技有限公司,https://cdn.itjuzi.com/images/bbec51b900f8b7d001db7c585412ed1c.png?imageView2/0/w/100/q/100,https://www.itjuzi.com/company/83240,企业服务,2015.1,陕西·西安市,暂未收录融资信息,G-POWER纽扣是一家图像类产品和休闲游戏研发商，隶属于西安纽扣软件科技有限公司。,图片照片、游戏、企业服务、B2D开发者服务、开发商,30-50人,运营中
青岛克路德智能工程有限公司,https://cdn.itjuzi.com/images/693c21a57e9231f6289d921d528118c1.png?imageView2/0/w/100/q/100,https://www.itjuzi.com/company/83224,体育运动,2017.5,山东·青岛市,2017.8天使轮未透露,纯净跑是一个环保型共享健身仓，内置一台智能跑步机，另配有智能恒温系统、空气净化系统、定制娱乐系统、制氧设备及负离子制造设备。跑步仓内设有语言识别系统，用户可通过语音对设备进行操控。,共享经济、跑步运动、节能环保、体育运动、大众健身,不明确,运营中
武汉拓易恒安智能科技有限公司,无公司logo图片,https://www.itjuzi.com/company/83214,电子商务,2016.5,湖北·武汉市,暂未收录融资信息,分贝乐享是一个儿童玩具新零售平台，可以直接让厂家和店铺进行对接，开发的微信小程序可以让厂家和店员实时了解商品的销售状况。物流方面采取三天内“智能补货”，不再像以前成箱进货，而是零售终端直接根据订单来进货上架。,微信等腾讯平台、儿童经济、电子商务、母婴玩具、新零售,不明确,运营中
上海阿瓦特网络技术有限公司,https://cdn.itjuzi.com/images/fdd3328c84aa2bace7836b473400349b.png?imageView2/0/w/100/q/100,https://www.itjuzi.com/company/83205,工具软件,2017.5,上海·浦东新区,暂未收录融资信息,布等是一款点餐APP，解决用户排队点餐和等餐的问题，志立于为用户提供更极致的本地生活消费体验，隶属于上海阿瓦特网络技术有限公司。,餐饮信息化、APP、本地生活、美食餐饮、工具软件、事项及效率,5人以下,未上线
北京中网云联科技有限公司,https://cdn.itjuzi.com/images/e8427c6d4001808eb28f047763a565ec.png?imageView2/0/w/100/q/100,https://www.itjuzi.com/company/83194,硬件,2017.3,北京·房山区,暂未收录融资信息,超维科技是一个IT运维管理系统研发及巡检机器人制造商，专注于从事IT运维管理系统的研发，致力于为用户提供从机房管理、网络管理、IT基础架构管理到业务服务管理的整体解决方案。其核心产品有IT数据中心巡检机器人，智能巡检管理系统等，隶属于北京中网云联科技有限公司。,机器人、硬件、综合硬件、IT运维,10-15人,运营中
北京腾优时代国际教育科技有限公司,https://cdn.itjuzi.com/images/2fcc99c88e46236b7b7c9bafa5dac4a8.png?imageView2/0/w/100/q/100,https://www.itjuzi.com/company/83181,教育,2012.11,北京·海淀区,暂未收录融资信息,U时代是一家出国游学服务商，为用户提供出国游学、语言培训、企业访学以及打工度假等资讯服务，并提供定制化游学服务。,教育、其他教育、资讯,不明确,运营中
深圳住的爽科技发展有限公司,https://cdn.itjuzi.com/images/658ec2a3cfc63a6b1410791e5d48c190.png?imageView2/0/w/100/q/100,https://www.itjuzi.com/company/83169,房产服务,2015.9,广东·广州市,暂未收录融资信息,满租是一家SaaS房屋管理系统供应商，专注于为公寓，二房东等服务，利用系统精准功能，减轻运营成本，提高出租效率，其次满租还会提供租客入住后周边的生活配套信息，让租房变得更简单，隶属于深圳住的爽科技发展有限公司。,SAAS、APP、房产服务、租房、酒店公寓,30-50人,运营中
杭州蚁类科技有限公司,https://cdn.itjuzi.com/images/bb2e9d8b50820c34c175fe45247df25b.png?imageView2/0/w/100/q/100,https://www.itjuzi.com/company/83158,硬件,2016.11,浙江·杭州市,暂未收录融资信息,"琥珀蚁是一家智能门锁提供商，专注于普通家庭用户相关的消费电子产品研发和服务,以微信智能门锁为切入点致力于家庭消费电子产品的普及和生活品质提升，隶属于杭州蚁类科技有限公司。",硬件、智能家居、智能门锁,10-15人,运营中
大连云祺商贸有限公司,无公司logo图片,https://www.itjuzi.com/company/83159,企业服务,2017.5,辽宁·大连市,暂未收录融资信息,云祺商贸是一家智能家电研发公司，聚焦人工智能家电，定位中高端市场，重塑新一代家庭的生活体验，产品囊括全球工业设计大奖，云米以研发实力、不同的黑科技、工业设计、人性化体验及服务，隶属于大连云祺商贸有限公司。,人工智能、本地生活、智能家居、黑科技及前沿技术,15-30人,运营中
饕餐（北京）餐饮管理有限公司,https://cdn.itjuzi.com/images/a626ce0c07f6d321f3c0c7842a848e13.jpg?imageView2/0/w/100/q/100,https://www.itjuzi.com/company/83160,本地生活,2015.3,北京·朝阳区,2017.1天使轮数百万人民币,夲宫PavoMea是一家艺术甜品餐饮品牌，本宫-PavoMea意为“我的美丽星座”，是艺术与甜品的完美结合。饕餐（北京）餐饮管理有限公司旗下产品。,本地生活、美食餐饮、下午茶、糕点烘焙,10-15人,运营中
北京悦诚传媒文化有限公司,https://cdn.itjuzi.com/images/fc104374c616189cc007bf5195b11747.png?imageView2/0/w/100/q/100,https://www.itjuzi.com/company/83161,本地生活,2009.9,北京·朝阳区,2017.8Pre-A轮数百万美元,悦诚科技是一家VR内容提供商，主要专注于VR和AR领域的内容创作，并建立线上观影平台。影院分成了三个区域，造梦空间、未来空间以及普通观影区。,本地生活、休闲娱乐、VR内容,暂未收录,运营中
中能电子商务（深圳）有限公司,https://cdn.itjuzi.com/images/5cfb482e935d73414d5f9171df1bf164.png?imageView2/0/w/100/q/100,https://www.itjuzi.com/company/83162,电子商务,2015.12,广东·深圳市,暂未收录融资信息,中能电商是国内首家立足于跨境业务的煤炭电商平台，平台以现货交易订单为基础，重点发挥垂直产业电商的产业整合能力和风险控制能力，提供数据信息服务、在线交易服务、支付结算服务、仓储物流服务、供应链金融服务，优化交易环节，降低交易成本，完善交易信用，将平台打造成为信息流、货物流、资金流“三流合一”的一站式交易体验平台，隶属于中能电子商务（深圳）有限公司。,垂直电商、电子商务、大宗商品、交易平台,50-100人,运营中
深圳市咚咚金服信息科技有限公司,https://cdn.itjuzi.com/images/66ff964cc6310e1670f262c19a4c9e9c.png?imageView2/0/w/100/q/100,https://www.itjuzi.com/company/83164,金融,2016.11,广东·深圳市,暂未收录融资信息,咚咚金服是一家专注于房产抵押贷款、个人消费类贷款等全面的金融贷款服务，致力于实现帮助客户解决所有的资金问题，一站式贷款服务，让客户无需东奔西跑，无需重复提交资料，找到贷款产品和贷款顾问，致力于为广大中小企业和个人用户提供正规贷款渠道信息、多样化的定制方案，实现互联网搜索比价、智能推荐、在线服务、整合贷款渠道，隶属于深圳市咚咚金服信息科技有限公司。,房贷、APP、教育、借贷、信用贷款、借贷平台,50-100人,运营中
西安臻言信息科技有限公司,https://cdn.itjuzi.com/images/65c9a79c44dbf3db93a19b915d3716e3.png?imageView2/0/w/100/q/100,https://www.itjuzi.com/company/83165,企业服务,2016.8,陕西·西安市,暂未收录融资信息,臻言科技是一家从事增强/虚拟现实的高新技术企业，旗下业务覆盖VR科技馆运营，全景影视VR制作，房产VR制作等业务，同时提供增强现实、虚拟现实等高新技术交流、推广、展示、销售软硬件研发等孵化平台服务，隶属于西安臻言信息科技有限公司。,VR虚拟现实、企业服务、VR设备、黑科技及前沿技术、VR·AR,30-50人,运营中
北京天天向上艺术培训有限公司,https://cdn.itjuzi.com/images/26be3a95cc521099aaf6f5d20cd00f03.png?imageView2/0/w/100/q/100,https://www.itjuzi.com/company/83166,教育,2016.7,北京·朝阳区,暂未收录融资信息,天天向上致力于学历教育，是一家现代化，规范化，综合教育培训机构，是中国交通运输协会和北京市教育考试院指定的高等教育自学考试助学单位，致力于培训学历以及教师资格证等技能培训，学校开设自考、成考、远程教育和职业教育等多种助学服务，迎合当今市场需要开设人力资源管理、物流管理、采购与供应管理、商务管理、金融管理、能源管理、心理学、法律军自考等多个专业，隶属于北京天天向上艺术培训有限公司。,教育、职业培训、学历教育、培训服务、教育机构,50-100人,运营中
武汉链享医药供应链管理有限公司,https://cdn.itjuzi.com/images/7e635d6211638635034634f4998764cd.png?imageView2/0/w/100/q/100,https://www.itjuzi.com/company/83167,物流,2016.7,湖北·武汉市,暂未收录融资信息,链享医药是一家专注于医药供应链整体解决方案的公司，确保客户从供应链分析、物流中心规划设计、业务流程改造、自动化设备集成、物流信息软件开发与实施、流程与操作教育辅导、物流效益改善、分析及追踪等，都能得到最适合的服务及支持，隶属于武汉链享医药供应链管理有限公司。,供应链、综合物流、物流、医药,30-50人,运营中
西安团商网络科技有限公司,https://cdn.itjuzi.com/images/5e2709b16c0497a082fd1e483bb48ba8.png?imageView2/0/w/100/q/100,https://www.itjuzi.com/company/83168,本地生活,2016.5,陕西·西安市,暂未收录融资信息,团商网是一个团购外卖平台，现主要对西安市未央区进行开发配送，采用中央厨房集中供应，保证了食品的安全，卫生。实现让用户吃上放心外卖，并节约了客户和送餐员大量时间，隶属于西安团商网络科技有限公司。,外卖订餐、APP、本地生活、美食餐饮,30-50人,运营中
北京仲济堂中医药科技有限公司,https://cdn.itjuzi.com/images/a338fe3686b68d013e8d0d03202068b2.jpg?imageView2/0/w/100/q/100,https://www.itjuzi.com/company/83170,医疗健康,2016.11,北京·朝阳区,暂未收录融资信息,北京仲济堂中医药科技有限公司。,O2O、医药电商、医疗健康、连锁,15-30人,运营中
鲨鱼快游网络技术（北京）有限公司,https://cdn.itjuzi.com/images/dd42b952a10c10036052b52a89340b92.jpg?imageView2/0/w/100/q/100,https://www.itjuzi.com/company/83171,金融,2017.4,北京·海淀区,2017.8天使轮数百万人民币,鲨鱼记账是一款专业的生活记账软件，凭借极简的设计理念，让用户轻松上手，3秒钟极速记账，隶属于鲨鱼快游网络技术（北京）有限公司。,记账工具、金融、其他金融,5人以下,运营中
杭州玩啊信息技术有限公司,https://cdn.itjuzi.com/images/e6f2cd7e870420b64ad1ef58977e936b.jpg?imageView2/0/w/100/q/100,https://www.itjuzi.com/company/83172,广告营销,2014.12,浙江·杭州,2016.9天使轮数百万人民币,杭州玩啊是一家为线下商家提供互动娱乐营销解决方案的平台。以游戏为切入点，通过线下Table和手机联通商家和消费者，带给用户全新的消费体验。,广告营销、整合营销传播、激励营销、地推、O2O营销、娱乐营销,15-30人,运营中
浙江众马科技有限公司,https://cdn.itjuzi.com/images/569dfb1ebaf9a131967f4194a8035147.jpg?imageView2/0/w/100/q/100,https://www.itjuzi.com/company/83173,金融,2016.4,浙江·杭州,2017.5A轮数千万人民币,51卡宝是一个信用卡取现神器，致力于解决个人、小微企业资金周转问题，隶属于浙江众马科技有限公司。,小额贷款、金融、信用卡、借贷,30-50人,运营中
上海铭勇信息科技有限公司,https://cdn.itjuzi.com/images/4ecee0691687af28ec24597e1a067d84.jpg?imageView2/0/w/100/q/100,https://www.itjuzi.com/company/83175,金融,2017.3,上海·浦东新区,2017.9天使轮600万人民币,漂流链是一个基于区块链的物流数字社区平台，初期在平台发行TokenPLC（PIAOLIUCOIN）即漂流币，漂流币也是平台唯一的流通媒介。漂流币代表了漂流链数据的使用权也代表了所有权，使用漂流链数据或漂流链上的应用需要支付一定的漂流币，体现使用权。目前平台只做点对点的同城快递和点对点的跨城快递，上海铭勇信息科技有限公司旗下产品。,Fintech金融科技、货运物流、比特币、金融、虚拟货币、物流、ICO,5人以下,运营中
北京超神科技有限公司,https://cdn.itjuzi.com/images/5e8b4a9d899963142e221ddc83a57a97.jpg?imageView2/0/w/100/q/100,https://www.itjuzi.com/company/83176,游戏,2017.3,北京·海淀区,2017.9天使轮数百万人民币,猪队友语音是一个为游戏玩家提供实时语音聊天体验的移动电竞开黑陪玩平台，支持大神陪玩服务，隶属于北京超神科技有限公司。,陪练、百度系、游戏玩家服务、游戏、游戏直播及玩家、电子竞技、连续创业者、游戏助手、美团系,5人以下,运营中
南京哇学霸网络科技有限公司,https://cdn.itjuzi.com/images/bcc2f8106ece6f421a39c16307bed254.png?imageView2/0/w/100/q/100,https://www.itjuzi.com/company/83177,本地生活,2015.6,北京·朝阳区,暂未收录融资信息,哇学霸校园生活是一家云控制洗衣解决方案提供商，采用“硬件+软件”的方式，一宿舍一个盒子，并通过“哇学霸app”辅助盒子控制洗衣：洗衣支付、洗衣模式设置、洗衣状态实时掌握，隶属于南京哇学霸网络科技有限公司。,校园服务、本地生活、洗衣服务,15-30人,运营中
一合（上海）食品有限公司,https://cdn.itjuzi.com/images/9600b0eadaf163db4b3388df78195e14.png?imageView2/0/w/100/q/100,https://www.itjuzi.com/company/83179,本地生活,2016.9,上海·黄浦区,2017.9天使轮1000万人民币,鸡排哥®JPG是一家全新轻食品牌，采用直营模式，致力于打造下一代炸鸡和汉堡与新式茶饮、咖啡结合的新一代轻食品牌。,独立品牌、本地生活、美食餐饮,10-15人,运营中
深圳市微平台信息科技有限公司,https://cdn.itjuzi.com/images/58f5393a36cfe65ec6365038afe50ef6.png?imageView2/0/w/100/q/100,https://www.itjuzi.com/company/83180,社交网络,2015.11,广东·广州市,暂未收录融资信息,ECHARTS微平台是一家一站式熟人社交脱单平台，致力于帮助1000万人快速脱单，提升1亿中国人的幸福指数，隶属于深圳市微平台信息科技有限公司。,婚恋交友、情侣社交、社交网络,暂未收录,未上线
上海律加网络信息技术有限公司,https://cdn.itjuzi.com/images/6bc4a6cc05e657e02178ac02f0a379a9.png?imageView2/0/w/100/q/100,https://www.itjuzi.com/company/83182,企业服务,2015.6,上海·浦东新区,2016.10种子轮150万人民币,律加网是一家小标的案件“一站式”法律服务平台，通过这一平台，有诉讼需求的用户可以免费接受律师服务，诉讼产生的费用都由平台来支付。维权成功之后获得经济赔偿，再由平台和用户按比例分成。,企业服务、法律服务,不明确,运营中
天津型录互联网科技有限公司,https://cdn.itjuzi.com/images/60803ed789fbc16cb5dc1076b0928abc.png?imageView2/0/w/100/q/100,https://www.itjuzi.com/company/83183,电子商务,2016.5,天津·天津市,2017.3天使轮2000万人民币,型录是一家男性一站式场景化整体穿搭服务提供商，主要聚焦于职场、聚会、旅行这三大场景，根据不同的季度为这三大场景做鞋服配一体化的产品设计，并提供相应的搭配建议，以满足男士日常生活中多种场合的穿着需求。,男性经济、本地生活、服装服饰、穿衣搭配,暂未收录,运营中
北京爱威白口腔科技有限公司,https://cdn.itjuzi.com/images/a82ba7daa1bea4374b38ed092dd2ed26.png?imageView2/0/w/100/q/100,https://www.itjuzi.com/company/83184,本地生活,2005.12,北京·朝阳区,2012.3天使轮700万美元,爱威白是一家牙齿美容一站式服务连锁机构，定位中高端市场，从设计、生产到门诊，均可直接面对客人做一条龙服务。,医疗健康、美业服务、连锁、牙齿口腔,不明确,运营中
江苏速趣信息科技有限公司,https://cdn.itjuzi.com/images/ac6eef65519a3e1b5314a302153c676b.png?imageView2/0/w/100/q/100,https://www.itjuzi.com/company/83186,文化娱乐,2017.7,江苏·南京市,暂未收录融资信息,芝士百科是一款视频版的百科全书，专注于通过小视频展现更加生动的知识，隶属于江苏速趣信息科技有限公司。,视频、知识分享、文化娱乐,15-30人,运营中
北京美秒科技有限公司,https://cdn.itjuzi.com/images/567f8a1dd4944c324ab4c38e8c9f5067.jpg?imageView2/0/w/100/q/100,https://www.itjuzi.com/company/83188,文化娱乐,2013.7,北京·海淀区,2015.9A轮数千万人民币,美秒科技是一家服务于短视频创作者的第三方服务商，业务包括美秒短视频运营助手、美秒短视频培训学院、美秒短视频内容制作。,视频、百度系、多媒体、文化娱乐、短视频,50-100人,运营中
北京复为科技发展有限公司,https://cdn.itjuzi.com/images/2dd6f37c388c0c17860f0d6688c643ad.png?imageView2/0/w/100/q/100,https://www.itjuzi.com/company/83189,本地生活,2017.1,北京·丰台区,暂未收录融资信息,饮唐风是一个自助设备售卖碗装茶叶的新零售品牌，以互联网企业白领为主要用户群体，为其提供小碗装茶叶，每碗含量2.5g-3g，每碗茶为标准杯一泡的量，可连续冲泡三、四次以上。品类有龙井、茉莉花茶、武夷山大红袍等共10种。其产品共分两种销售形式，一为单碗零售，一为十碗礼盒装，隶属于北京复为科技发展有限公司。,本地生活、美食餐饮、零售、自助,15-30人,运营中
山西甲护生物科技有限公司,https://cdn.itjuzi.com/images/ef3ccd8f2de8e1e22b17c2b70d5635e8.png?imageView2/0/w/100/q/100,https://www.itjuzi.com/company/83191,医疗健康,2016.6,山西·太原市,2016.7天使轮1250万人民币,甲护科技是一家抗感染医药和卫生用品研发生产商，致力于针对不同的消费人群，设计不同卫生产品，核心产品为酸性氧化电位水，广泛应用于治疗创伤、公共卫生、传染疫病等方面，隶属于山西甲护生物科技有限公司。,医疗健康、生物技术和制药、生物制药,30-50人,运营中
广州车多多科技有限公司,https://cdn.itjuzi.com/images/b562df6fbd3efa9949e3c77af253df91.png?imageView2/0/w/100/q/100,https://www.itjuzi.com/company/83192,汽车交通,2017.2,广东·广州市,暂未收录融资信息,车多多共享洗车是一家共享自助洗车机研发商，洗车机配有高压水枪、泡沫刷、毛巾等洗车工具，能提供清水、泡沫、吸尘、消毒等基本的汽车清洁服务，用户扫码支付后即可进行自助洗车。,洗车、共享经济、汽车交通、汽车后服务,15-30人,运营中
北京优链世界科技有限公司,https://cdn.itjuzi.com/images/a6c9a02836115ca6530a31cd1ee53e85.png?imageView2/0/w/100/q/100,https://www.itjuzi.com/company/83193,企业服务,2016.12,北京·海淀区,暂未收录融资信息,优链管家是一家餐饮采购管理SaaS服务提供商，致力于打通餐厅与生鲜食材供应商之间的沟通渠道，餐厅可在软件中了解每日最新的食材价格，也可选择附近供应商进行食材采购，为餐厅节省食材成本，提高效率。,SAAS、餐饮信息化、渠道、企业服务、行业信息化及解决方案,15-30人,运营中
泉州市法智星软件有限公司,https://cdn.itjuzi.com/images/80d4d1608cac8ef99d602d2fae9a9ec4.png?imageView2/0/w/100/q/100,https://www.itjuzi.com/company/83195,企业服务,2011.6,福建·泉州市,暂未收录融资信息,掌上律师是一个公共法律服务信息化解决方案提供商，以各级司法机构为使用人群，为其开发对应微信公号形式的法律平台，为司法机构提供SaaS工具解决其律师需求，用户免费向平台律师咨询，隶属于泉州市法智星软件有限公司。,IT基础设施、APP、企业服务,150-300人,运营中
北京楚科信息技术有限公司,https://cdn.itjuzi.com/images/29725130553d3ee88274f320260ff9d2.png?imageView2/0/w/100/q/100,https://www.itjuzi.com/company/83196,企业服务,2003.8,北京·朝阳区,2015.9天使轮650万人民币,eHub是一家智能营销系统提供商，通过大数据营销技术提供包括营销管理、活动管理和用户关系管理在内的一站式数字营销解决方案。业务包括智能营销系统、会议云平台及其他创新业务。主要为企业用户提供⼀体化的智能营销平台，涉及Marketing到Sales整个营销流程。,CRM、大数据、企业服务、综合企业服务、营销推广、数字营销,50-100人,运营中
北京友媒信息技术有限公司,https://cdn.itjuzi.com/images/0813ce4a21811add4512c0504120824d.png?imageView2/0/w/100/q/100,https://www.itjuzi.com/company/83197,企业服务,2015.3,北京·昌平区,暂未收录融资信息,玉米社群是一个服务业招聘平台，平台将企业招聘需求细化为各种维度，如职业、薪资、食宿条件等，供求职者选择应聘，招聘岗位包括普工、技工、司机、销售、保姆、保洁、厨师、服务员，隶属于北京友媒信息技术有限公司。,招聘、服务、企业服务、人力资源,15-30人,运营中
南京化速运供应链管理有限公司,https://cdn.itjuzi.com/images/d949760e380fb386fceb91b73e193b3a.png?imageView2/0/w/100/q/100,https://www.itjuzi.com/company/83198,电子商务,2016.7,江苏·南京市,暂未收录融资信息,化速运是一家采用B2B模式的细分化学品交易服务平台。借助于货主、运输公司、和司机车辆的不用决策特点进行区分化的解决方案，为整个产业链的效率提升提供服务，隶属于南京化速运供应链管理有限公司。,化工品、大宗商品、电子商务、解决方案,15-30人,运营中
北京易码云天科技有限公司,https://cdn.itjuzi.com/images/28837f0441722865c6cc34ee2af246a8.jpg?imageView2/0/w/100/q/100,https://www.itjuzi.com/company/83199,企业服务,2009.1,北京·朝阳区,2017.5天使轮数百万人民币,Bind.ai是一家帮助企业级客户快速链接AI人工智能服务的平台，通过接入Bind.ai的AI-aaS技术平台，企业级客户能快速链接适宜的AI技术，完成从底层技术到产品业务的一站式接入，从而极大程度的降低企业接入AI技术的难度与成本，释放更多商业潜能。北京易码云天科技有限公司旗下产品。,人工智能、开发者服务、API、企业服务、B2D开发者服务、黑科技及前沿技术、行业解决方案、技术平台,30-50人,运营中
锐波（北京）科技有限公司,https://cdn.itjuzi.com/images/730c95eefb805fbdc4746592f00ac3c7.jpg?imageView2/0/w/100/q/100,https://www.itjuzi.com/company/83201,金融,2017.1,北京·海淀区,2017.7天使轮数百万人民币,"波场TRON是一家基于区块链的开源去中心化内容娱乐协议,波场TRON致力于利用区块链与分布式存储技术，构建一个全球范围内的自由内容娱乐体系，这个协议可以让每个用户自由发布，存储，拥有数据，并通过去中心化的自治形式，以数字资产发行，流通，交易方式决定内容的分发、订阅、推送，赋能内容创造者，形成去中心化的内容娱乐生态。",Fintech金融科技、比特币、金融、虚拟货币、连续创业者、ICO,10-15人,运营中
北京睿艺创联教育科技有限公司,https://cdn.itjuzi.com/images/f2e913b49398934a27e0ddb31c5f19fe.jpg?imageView2/0/w/100/q/100,https://www.itjuzi.com/company/83202,教育,2016.11,北京·朝阳区,2017.1种子轮30万人民币,北京睿艺创联是一家少儿素质教育行业资讯媒体，专注于少儿素质教育（培训）行业的专业媒体，打造少儿艺术教育行业校长最大社群，为校长及管理者提供专业媒体信息交流服务。,艺术教育、教育、教育媒体及社区、儿童早教、素质教育、其他教育,10-15人,运营中
上海异构网络科技有限公司,https://cdn.itjuzi.com/images/307b44d876f47a813e6f1b7fe5c7df64.jpg?imageView2/0/w/100/q/100,https://www.itjuzi.com/company/83203,教育,2016.6,上海·杨浦区,2017.1天使轮数百万人民币,番茄教育是一个关于英语学习的在线教育产品，隶属于上海异构网络科技有限公司。,成人外语、阿里巴巴系、教育、语言学习、移动互联网教育,10-15人,运营中
校伙伴（北京）教学设备有限公司,https://cdn.itjuzi.com/images/611b992fef509d1700a86f3d9a493692.jpg?imageView2/0/w/100/q/100,https://www.itjuzi.com/company/83204,教育,2016.6,北京·顺义区,2017.4种子轮30万人民币,校伙伴是一家为中小学提供国际教育解决方案的专业机构，为学校提供品牌规划、教学环境设计、家具及设备配置、创新型教育项目设计等高品质服务，帮助伙伴学校从优秀到卓越，以变革求发展。,教育、教辅设备、教辅工具和设备、学校管理系统,15-30人,运营中
北京出行汽车服务有限公司,https://cdn.itjuzi.com/images/bb2a15fba45f14afcf033572eaadf873.png?imageView2/0/w/100/q/100,https://www.itjuzi.com/company/83206,汽车交通,2015.11,北京·通州区,暂未收录融资信息,北京出行是一家出行服务商，为北京汽车集团有限公司（简称北汽集团）下属全资子公司。,租车、汽车交通、交通出行、分时租车,10-15人,运营中
北京零维时空科技有限公司,https://cdn.itjuzi.com/images/d838c2c50683ed2a610eb92b747df8e5.jpg?imageView2/0/w/100/q/100,https://www.itjuzi.com/company/83207,企业服务,2016.6,北京·石景山区,暂未收录融资信息,零维时空是一家专注于工业领域AR一站式解决方案提供商，隶属于北京零维时空科技有限公司。,工业设计、AR增强现实、企业服务、行业信息化及解决方案,10-15人,运营中
旮旯,https://cdn.itjuzi.com/images/72d038659792d47bf08ba63936fbe95b.png?imageView2/0/w/100/q/100,https://www.itjuzi.com/company/83208,本地生活,2017.1,北京·朝阳区,暂未收录融资信息,旮旯是一个智能回收终端服务平台，以“物联网+娱乐”的回收模式培养用户习惯，用一些当下流行的方式促使用户主动投递废品，进而产生收益，为上游用户提供数据支持，为下游用户提供回收服务。平台通过再生资源回收、数据服务、广告、加盟合作等来获得盈利。,节能环保、本地生活、回收、其他生活服务,10-15人,运营中
深圳市锦宏佳科技有限公司,https://cdn.itjuzi.com/images/dec48a5666ab818ee732d495626a63f9.png?imageView2/0/w/100/q/100,https://www.itjuzi.com/company/83209,汽车交通,2013.6,广东·深圳市,暂未收录融资信息,邦邦车是一个汽后B2B综合服务平台，通过汽修招聘为切入口，为维企提供涵盖人员、配件精品、产品设备、技术交流及培训在内的服务服务。,汽车交通、汽车后服务,不明确,运营中
盘古天地（北京）科技有限公司,https://cdn.itjuzi.com/images/bc87adb881598e9d595e3a0d23dfe6f3.png?imageView2/0/w/100/q/100,https://www.itjuzi.com/company/83210,电子商务,2017.6,北京·朝阳区,暂未收录融资信息,野泡芙是一个美妆自营电商。它面向中产阶级女性，为其提供口红、面膜、护肤品等商品，隶属于盘古天地（北京）科技有限公司。,电子商务、化妆品,10-15人,运营中
西安睿橙智能科技有限公司,https://cdn.itjuzi.com/images/d136a54bbe8ef629dbb9d36d534c4eb1.png?imageView2/0/w/100/q/100,https://www.itjuzi.com/company/83211,硬件,2015.9,陕西·西安市,暂未收录融资信息,睿橙管家是一家智能家居产品研发商，致力于提供智能家居解决方案，定位B端用户，以技术积淀为需求企业建立物联网开放平台。目前有睿橙物联网平台和多项睿橙智能家居产品。,软硬件结合、物联网、硬件、智能家居,15-30人,运营中
北京森林互娱科技有限公司,https://cdn.itjuzi.com/images/5dd11ad2dd9601a215853d06703046d9.png?imageView2/0/w/100/q/100,https://www.itjuzi.com/company/83213,游戏,2016.8,北京·昌平区,暂未收录融资信息,  森林互娱注册成立于2016年8月，公司主要以休闲类、棋牌类游戏为产品核心，研运一体为宗旨，力求做正宗的中国本土棋牌游戏。公司提供丰厚的薪酬和最完善的福利制度，提倡打破层级部门的氛围，建立开放、平等、务实的企业文化，全力帮助每一个不甘平庸的员工，实现自己的职业理想。公司立志做一流的游戏开发和运营商。  ,休闲益智、棋牌游戏、游戏、游戏综合服务,暂未收录,运营中
北京阳光博客文化艺术有限公司,https://cdn.itjuzi.com/images/747e7b679aa53f1b9313989756261b1d.png?imageView2/0/w/100/q/100,https://www.itjuzi.com/company/83215,文化娱乐,2005.4,北京·海淀区,暂未收录融资信息,阳光博客主要从事国内及海外畅销图书的出版及发行工作，公司以非虚构类阅读为主要出版方向，在思维训练、健康生活、自我提升、少儿绘本等四大领域，汇聚全球智力成果，服务中国年轻一代，致力于为9-19岁青少年，25-40岁高端人士提供高品质的精神食粮。,艺术、文化娱乐、图书影音,50-100人,运营中
潍坊线头网络科技有限公司,https://cdn.itjuzi.com/images/808fffdaa74253381a0b1c9c33e30de8.png?imageView2/0/w/100/q/100,https://www.itjuzi.com/company/83216,本地生活,2017.4,山东·潍坊市,暂未收录融资信息,线头公益是一个公益交互平台，由大事件、义举、圈子等几个功能组成；并将视频、体育文化发展以及线上线下的活动融入到了慈善平台中，用户可以通过对视频的分享、原创视频的展示、粉丝互动以及对相应体育文化项目的体验参与来获得虚拟货币——线头，从而进行公益捐赠。,公益、本地生活、其他生活服务,不明确,运营中
上海商米科技有限公司,https://cdn.itjuzi.com/images/bb68f9bcd8a2eff911f2df6239659fc6.png?imageView2/0/w/100/q/100,https://www.itjuzi.com/company/83217,硬件,2013.12,上海·杨浦区,2017.8C轮亿元及以上人民币,商米科技是一家移动支付智能硬件研发商，专注为O2O互联网平台，软件开发商、中小型商户提供智能商用硬件设备，以及为实体商户提供移动互联网化的智能商用硬件解决方案。,支付、硬件、其他硬件服务,300-500人,运营中
深圳市特益盟进出口有限责任公司,https://cdn.itjuzi.com/images/92ac9755abd27c19ab7dd2cbd6ff8f38.png?imageView2/0/w/100/q/100,https://www.itjuzi.com/company/83218,物流,2014.4,广东·深圳市,暂未收录融资信息,特益盟是一家从事经营货物及技术进出口国内贸易，信息咨询的团队，我们的成员拥有多年的国际贸易，境外电商的经验，我们平均年龄仅28岁，充满了朝气和创新精神。我们的客户遍布全球200多个国家，我们来自五湖四海，因为一个共同的梦想聚集在一起：把最新颖、最时尚、最个性的产品传送到世界的每一个角落！,跨境物流、物流,50-100人,运营中
浏阳市极购电子商务有限公司,https://cdn.itjuzi.com/images/a7861c73085889197d7056ad2ff144e2.jpg?imageView2/0/w/100/q/100,https://www.itjuzi.com/company/83219,房产服务,2017.5,湖南·长沙市,暂未收录融资信息,极购爱家是一个装修信息资源共享平台，致力于打造装饰辅材一站式采购平台和装修信息资源共享的平台，隶属于浏阳市极购电子商务有限公司。,房产服务、装修装潢、装修平台,10-15人,运营中
深圳市小崔法律服务有限公司,https://cdn.itjuzi.com/images/e3346038a4c45a63bf39586a5be0d350.png?imageView2/0/w/100/q/100,https://www.itjuzi.com/company/83220,企业服务,2016.7,广东·深圳市,暂未收录融资信息,小崔说法是一家法律专注于股权激励、股权设计、股权融资、传统企业转型升级、法律顾问等领域。主要业务模块有股权顶层设计、项目上市孵化、企业转型升级、传统律师业务。,本地生活、企业服务、法律服务,暂未收录,运营中
北京亿立永基商业管理有限公司,https://cdn.itjuzi.com/images/ab2cc8a044d4d7e9588218754f1b6015.png?imageView2/0/w/100/q/100,https://www.itjuzi.com/company/83221,电子商务,2014.2,北京·昌平区,2015.4天使轮未透露,零时尚是一家女装搭配服务商，通过线下实体店和共享试衣间，为用户提供服装搭配和配送服务，隶属于北京亿立永基商业管理有限公司。,女性经济、电子商务、服装服饰、女装、女性创业者,暂未收录,运营中
西安聚腾企业管理咨询有限公司,https://cdn.itjuzi.com/images/5d832de326d46a6068fccbfeae21c6c6.png?imageView2/0/w/100/q/100,https://www.itjuzi.com/company/83222,企业服务,2015.1,陕西·西安市,暂未收录融资信息,聚腾企业管理咨询为中国中小企业提供“咨询、投资、上市”等服务。集团旗下包括：聚英国际、华聚资本、金指投科技。十多年来聚英教育集团始终致力于“让您学有所成，让教育成就梦想”的企业使命，以“您的满意是我们永恒的追求”为企业服务理念，为聚英学员提供最优质、最高端的教育培训服务，并帮助无数聚英学子实现人生理想。,企业服务、综合企业服务、其他企业服务,不明确,运营中
广州音爵信息科技有限公司,https://cdn.itjuzi.com/images/fe966bfc094bc594f9f7b632a216e736.png?imageView2/0/w/100/q/100,https://www.itjuzi.com/company/83223,教育,2017.6,广东·广州市,暂未收录融资信息,enjoying音觉是一家专注于音乐教学与音乐娱乐的企业，以吉他为切入点，用智能化科技化的方式，致力于让乐器学习更简单，隶属于广州音爵信息科技有限公司。,APP、教育、兴趣教育、音乐、乐器乐谱,5人以下,运营中
北京壹合互动科技有限公司,https://cdn.itjuzi.com/images/57a079de164391aceec5c55594642b57.png?imageView2/0/w/100/q/100,https://www.itjuzi.com/company/83225,工具软件,2016.8,北京·海淀区,暂未收录融资信息,壹合互动是一家基于大数据的营销自动化平台服务商，我们的团队包括软件工程师、营销专家、解决方案专家、以及客户经理等专业人才，与我们的合作伙伴及客户紧密合作，并为他们提供能够最终达成其战略及营销目标的定制化解决方案。公司致力于为客户提供数字营销战略、移动社交营销整合、大数据分析、集客营销、营销云平台等一站式解决方案，持续为客户提供数字营销创新力。,工具软件、其他工具、大数据营销、大数据技术,30-50人,运营中
厦门鲜喵网络科技有限公司,https://cdn.itjuzi.com/images/b85db26dc9611902504a72fca50442fc.png?imageView2/0/w/100/q/100,https://www.itjuzi.com/company/83226,企业服务,2017.4,福建·厦门市,2017.5Pre-A轮未透露,鲜喵是一家办公室早餐、零食自助售卖运营商，利用智能售货机为白领提供早餐、零食、下午茶、水果，通过同城配送补货货物集散点一般在订单最密集区域停放货车并直接分发，用户自助购买同时可以个性化预定，平台根据订单统计预定类产品供应商备货。,企业服务、其他企业服务、零食、自助贩卖机,暂未收录,运营中
上海十达工贸发展有限公司,https://cdn.itjuzi.com/images/1812874f8781cf821d0392546c48e48d.png?imageView2/0/w/100/q/100,https://www.itjuzi.com/company/83227,电子商务,2008.7,上海·宝山区,暂未收录融资信息,十达工贸是一家电子商务公司，业务涉及钢材供应链的整个代理、分销和零售等环节，从简单加工到深加工，包含了几乎所有使用钢材的终端客户。它是一家专门针对终端加工制造企业的钢材自营式、全流程服务的电商平台。以此作为载体，致力于形成一个集采购、加工、储运、售后服务一体化的电子商务系统。,供应链、电子商务、大宗商品、钢铁、代理、批发,300-500人,运营中
未来机器人（深圳）有限公司,https://cdn.itjuzi.com/images/b2417516e324b81ad41e7f6ccf7efff4.png?imageView2/0/w/100/q/100,https://www.itjuzi.com/company/83228,硬件,2016.2,广东·深圳市,2016.5天使轮数千万人民币,VisionNav未来机器人是一家工业车辆视觉无人驾驶解决方案提供商，专注于工业车辆视觉无人驾驶技术的研发和应用，致力于为用户提供基于工业单目摄像头的VSLAM软硬件解决方案。,机器人、硬件、视觉技术、无人驾驶,30-50人,运营中
杭州联呈电子商务有限公司,https://cdn.itjuzi.com/images/5e276e51ee6ac1c0fb2a6c429d4cb62d.png?imageView2/0/w/100/q/100,https://www.itjuzi.com/company/83230,电子商务,2014.8,浙江·杭州市,暂未收录融资信息,联呈电子是一家电子商务公司，从事批发、零售：服装、箱包、鞋帽、皮革制品、办公用品、数码产品、日用百货；服务：服饰设计、企业管理咨询等越玩越，致力于坚持用户至上，用心服务于客户，用自己的服务去打动客户，公司秉承“保证一流质量，保持一级信誉”的经营理念，坚持“客户第一”的原则为广大客户提供优质的服务。,电子商务、服装服饰、箱包、服装鞋帽,不明确,运营中
北京五度星空文化传媒有限公司,https://cdn.itjuzi.com/images/53053156e320988922b706bba50e6e70.png?imageView2/0/w/100/q/100,https://www.itjuzi.com/company/83234,文化娱乐,2017.6,北京·朝阳区,暂未收录融资信息,五度星空是一家新媒体供应商，从事与文化传媒，有强大的强大的多元网红合作阵容，与国内各大代理公司合作，致力于成为行业领先的内容营销服务提供商。,企业服务、文化娱乐、文化艺术,不明确,运营中
成都空御科技有限公司,https://cdn.itjuzi.com/images/6878cdea4d51a24d056d97cbca52d1c6.png?imageView2/0/w/100/q/100,https://www.itjuzi.com/company/83237,硬件,2014.8,四川·成都市,暂未收录融资信息,成都空御科技有限公司成立于2014年8月，公司创始团队来自国内大型研究所，汇聚了清华、北航等名校精英，是一家从事复杂电子设备研发的高科技公司。公司主要面向企事业单位、政府、公安、军队各级用户，致力于低功率雷达、无线电监测设备、安防设备等产品的研发、生产、销售及技术服务，相关产品全部具有自主知识产权，性能指标国内领先。公司将立足于行业应用，实行军民融合的发展战略，并积极开拓国际市场，力争在几年内成为行业领跑者。作为研发型高科技公司，公司实行扁平化管理，打造轻松和谐的工作氛围，倡导积极向上、共同成长的工作理念，空御期待您的加入！,安防设备、硬件、综合硬件、无线电、电子设备,15-30人,运营中
深圳市惊喜网网络有限公司,https://cdn.itjuzi.com/images/20e3e13678a38390dd84ffc7749be34c.png?imageView2/0/w/100/q/100,https://www.itjuzi.com/company/83239,电子商务,2014.9,广东·深圳市,暂未收录融资信息,"惊喜网是一家创新型电子商务公司,主要从事互联网推广业务，致力于创新自由的理念来网络人才。",综合电商、互联网思维,50-100人,运营中
信阳市海豚多多电子商务有限公司,https://cdn.itjuzi.com/images/111f506e69a73e9609d01195f0dd2671.png?imageView2/0/w/100/q/100,https://www.itjuzi.com/company/83241,医疗健康,2017.3,河南·信阳市,暂未收录融资信息,海豚多多是一家诊所SAAS模式信息化平台，专注于打造互联网基层医疗信息服务平台，隶属于信阳市海豚多多电子商务有限公司。,SAAS、医疗健康、医疗信息化,10-15人,未上线
上海灰熊文化传播有限公司,https://cdn.itjuzi.com/images/8d9d4f91cf681d7ac948b44674193638.png?imageView2/0/w/100/q/100,https://www.itjuzi.com/company/83243,广告营销,2015.2,上海·奉贤区,2017.9天使轮1500万人民币,笨熊智酷是一家数字化媒体营销服务提供商，已经整合影视制作、公关互动、品牌设计、艺人经纪等几个板块，形成了以互联网影视制作为核心竞争力的战略格局。,媒体及阅读、文化娱乐、数字营销,暂未收录,运营中
上海好学网络科技有限公司,https://cdn.itjuzi.com/images/e8bbf4547899f87e2779c877073908e4.png?imageView2/0/w/100/q/100,https://www.itjuzi.com/company/83244,教育,2011.9,上海·徐汇区,暂未收录融资信息,上海好学是一家教育课程产品研发商，致力于中小学英语口语训练、口语评测、口语考试、智慧课堂等产品的研发。,教育、教育信息化、英语口语,暂未收录,运营中
上海盛煦企业管理咨询有限公司,https://cdn.itjuzi.com/images/915cd698856a294dbb1ebeda722e06bb.png?imageView2/0/w/100/q/100,https://www.itjuzi.com/company/83246,房产服务,2015.1,上海·长宁区,2017.9B轮1.83亿美元,盛煦地产是一家物业投资及资产管理服务商，致力于收购优质物业资产，并改造为长租服务式公寓和商业物业，进行改造后的持有出租经营及资产管理。,汽车交通、商业房产、长租公寓,暂未收录,运营中
杭州海笙乐科技有限公司,https://cdn.itjuzi.com/images/d34c7424d0b7055e7cc4a078d1a9a53d.png?imageView2/0/w/100/q/100,https://www.itjuzi.com/company/83247,文化娱乐,2015.5,浙江·杭州市,2015.5天使轮500万人民币,海笙乐科技是一个明星专属直播互动平台。该平台提供明星日常、在线专属演唱会、歌友会、见面会、互动综艺节目等等。超级巨星该软件功能具有：节目定制、直播互动、精彩回放、粉丝福利、预告提醒等，隶属于杭州海笙乐科技有限公司。,直播、明星粉丝、综合文娱、文化娱乐,15-30人,运营中
新娱时代网络科技（北京）有限公司,https://cdn.itjuzi.com/images/0ed3ecbb801d5c7e36ef1f35a738a047.png?imageView2/0/w/100/q/100,https://www.itjuzi.com/company/83248,文化娱乐,2016.9,北京·海淀区,暂未收录融资信息,   Newestage是一家服务于全球市场，为用户传递快乐，激励梦想的新型互联网公司。通过尖端的互联网科技，优秀的产品设计和体验，致力于通过娱乐连接人与人，为用户打造新一代的移动在线娱乐平台。该在继续深耕StagerLive品牌和产品的同时，也会扩展更多线上线下的业务领域，全面打通线上影响力与线下娱乐行业、单个国家与国际化的产业链条，致力于成为具有国际影响力的泛娱乐产业运营商。,综合文娱、社交网络、互联网+、互联网思维,不明确,运营中
成都环博软件有限公司,https://cdn.itjuzi.com/images/67a7e4ff82d9a39342bdde5df931f8c6.png?imageView2/0/w/100/q/100,https://www.itjuzi.com/company/83249,教育,2009.4,四川·成都市,暂未收录融资信息,环博软件是一家教育信息化软件系统供应商，面向区县教育局及各中小学校，为全国各中小学提供智慧校园建设方案，为省市区县级教育局提供智慧教育公共服务平台。,开发商、教育、教育信息化,暂未收录,运营中
上海潜象网络科技有限公司,https://cdn.itjuzi.com/images/0912fdd8efb0944f8caef42ed781f7ed.png?imageView2/0/w/100/q/100,https://www.itjuzi.com/company/83251,物流,2016.12,上海·徐汇区,暂未收录融资信息,小象驿站是一家快递物流企业提供社区前置仓配服务商，改造快递末端派送模式，大量降低人工成本，提升末端派送效率，隶属于上海潜象网络科技有限公司。,APP、仓储服务、同城配送、物流,15-30人,运营中
深圳大森智能科技有限公司,https://cdn.itjuzi.com/images/0ff70d1349af68a2552f6af4ae264008.png?imageView2/0/w/100/q/100,https://www.itjuzi.com/company/83252,医疗健康,2016.5,广东·广州市,暂未收录融资信息,大森智能是一家医疗健康领域的软硬件AI产品研发商，引导民生健康理念由“被动治疗”向“主动预防”转变。拥有多款POCT产品，2C的软件产品包含疾病模型、健康趋势预测、健康评测等功能。累积申请专利70余篇，隶属于深圳大森智能科技有限公司。,人工智能、医疗健康、医疗器械及硬件,10-15人,运营中
合肥联拓金融信息服务有限公司,https://cdn.itjuzi.com/images/6485d8e8612ced8a3aa91707eadeea10.jpg?imageView2/0/w/100/q/100,https://www.itjuzi.com/company/83254,金融,2013.9,安徽·合肥,暂未收录融资信息,联拓金融是一家提供企业钱包服务的互联网金融公司，旗下产品收款小精灵，能够无缝对接市场上90%的主流收银软件，加一个收款码、扫码枪或扫码盒就可以实现移动支付。,移动支付、Fintech金融科技、金融、支付、POS机、收银系统,50-100人,运营中
北京和铃文化传媒有限公司,https://cdn.itjuzi.com/images/ba9ae02576e042810e869b4cc1fda740.jpg?imageView2/0/w/100/q/100,https://www.itjuzi.com/company/83255,电子商务,2017.7,北京·朝阳区,暂未收录融资信息,和铃文化是一家社区社群模式的公益电商生态体系的社会企业，通过这种商业模式解决慈善圈公信度透明度及慈善没有自我供血等问题。谁掌握了终端就意味着掌握了商战的主动权！而我们快速取得社区居民的信任。,社群经济、社区、电子商务,5人以下,运营中
北京凡云科技有限责任公司,https://cdn.itjuzi.com/images/640890277e73c3821cbf85aacf089b4e.jpg?imageView2/0/w/100/q/100,https://www.itjuzi.com/company/83256,农业,2016.12,北京·朝阳区,暂未收录融资信息,凡云科技是一家劳动工具智能服务商，隶属于北京凡云科技有限责任公司。,人工智能、农业、智慧农业,10-15人,运营中
广州视介文化传播有限公司,https://cdn.itjuzi.com/images/6db1a56cd258ce2329580598bce61b1f.png?imageView2/0/w/100/q/100,https://www.itjuzi.com/company/83257,广告营销,2017.3,广东·广州市,暂未收录融资信息,视介文化是一个动画影像创意团队，专注于MG动画的创意与设计，使用策划、设计、绘画、动画、特效及多种创新形式，以动态视觉语言对品牌与内容进行创意呈现，致力于为客户设计动画作品，实现品牌价值最大化，隶属于广州视介文化传播有限公司。,动画、广告营销、整合营销传播、设计及创意、视频制作,30-50人,运营中
山东珠宝匠电子商务有限公司,https://cdn.itjuzi.com/images/1701fac6c8f8378b3d802906e21d213b.png?imageView2/0/w/100/q/100,https://www.itjuzi.com/company/83258,电子商务,2016.7,山东·威海市,暂未收录融资信息,珠宝匠是一家以内容+社区+平台+产品的模式，打造的珠宝玉石众包社区和垂直平台，服务于消费者，为他们提供靠谱、好玩的珠宝购买体验，汇集原创设计师，并为他们提供便捷、专业、优质的服务，隶属于珠宝玉石众包社区和垂直平台。,设计及创意、电子商务、珠宝首饰、奢侈品、设计师平台,30-50人,运营中
上海森宿国际贸易有限公司,无公司logo图片,https://www.itjuzi.com/company/83259,电子商务,2016.12,上海·浦东新区,暂未收录融资信息,森宿时尚是一家专注于做奢侈品以及欧美设计师品牌线上集合店,电子商务、服装服饰、设计师,不明确,运营中
广州澎澎游科技有限公司,https://cdn.itjuzi.com/images/d39bf87ea21a6654e1243e458a887225.png?imageView2/0/w/100/q/100,https://www.itjuzi.com/company/83260,游戏,2016.12,广东·广州市,暂未收录融资信息,澎澎游是一家集游戏发行、推广运营为一体的网络公司，现已覆盖10多款热门游戏，与国内多家游戏公司建立合作关系，业务覆盖“游戏独家代理、GS游戏服务、游戏联合运营、评测、推广及网络视频主播”等项目，隶属于广州澎澎游科技有限公司。,游戏、游戏综合服务、代理,30-50人,运营中
广州市源瑞信息科技有限公司,https://cdn.itjuzi.com/images/d48c373bd5824f44ac78bd0c4ac66da7.png?imageView2/0/w/100/q/100,https://www.itjuzi.com/company/83261,工具软件,2009.1,广东·广州市,暂未收录融资信息,源瑞科技是一家以轨道交通PIS代维业务起步，现集研发、生产、销售、服务于一体，专注于轨道交通乘客信息系统、运营管理系统等一站式服务解决方案的企业，系列提供自主研发的列车乘客信息PIS系统、视频监控CCTV系统、广播系统、智能工具柜、钥匙管理系统等车载和运营管理系统产品和解决方案，隶属于广州市源瑞信息科技有限公司。,工具软件、系统工具、行业信息化及解决方案、系统研发、轨道交通,50-100人,运营中
浙江小马出行科技有限公司,https://cdn.itjuzi.com/images/12738d1bc84840e39acafafbdd0c1903.jpg?imageView2/0/w/100/q/100,https://www.itjuzi.com/company/83263,汽车交通,2017.6,浙江·杭州市,暂未收录融资信息,用小马出行是一家打造国内首家全网租车资源共享平台，提供城内+城际无缝接送服务，专业司机+专业车辆为乘客提供贴心的乘车体验。致力于提升用户体验，创造社会价值，建设高效、快捷、可持续的移动出行新生态。,租车、汽车交通、交通出行,不明确,运营中
深圳银马资产管理有限公司,https://cdn.itjuzi.com/images/9cca960b5db7fa67e0c78006527001a8.png?imageView2/0/w/100/q/100,https://www.itjuzi.com/company/83264,金融,2014.7,广东·深圳市,暂未收录融资信息,银马资产是一家主要从事受托资产管理、投资咨询、经济信息咨询等服务的金融咨询公司，投资管理通过电话、函件及上门对银行信用卡逾期客户进行信用卡催收，隶属于深圳银马资产管理有限公司。,金融、理财、金融咨询、资产管理,30-50人,运营中
小蜜蜂互联（北京）消防信息技术有限公司,https://cdn.itjuzi.com/images/d03b1dc7613bc551984e775a85fae399.png?imageView2/0/w/100/q/100,https://www.itjuzi.com/company/83266,企业服务,2016.12,北京·西城区,暂未收录融资信息,小蜜蜂消防是准信智慧消防的控股子公司，依托准信资深的行业背景和行业资源，搭建消防服务的互联网平台，把控消防维护保养行业，消防维保产业链各环节的需求，实现整个产业的升级，提升城市消防设施安全管理水平，隶属于小蜜蜂互联（北京）消防信息技术有限公司。,平台、社交网络、行业信息化及解决方案,暂未收录,运营中
广州哔哈啵教育科技有限公司,https://cdn.itjuzi.com/images/3a6bbad430331e0b0638dc4c673436dd.png?imageView2/0/w/100/q/100,https://www.itjuzi.com/company/83267,教育,2017.4,广东·广州市,暂未收录融资信息,蜂窝儿童是一家教育科技公司，通过基于解决真实问题为导向（PBL）的学习方式，在学习的过程中围绕网络素养和创新能力，为学习者提供全套的综合课程和学习体验。致力于教会孩子互联网时代的学习方式。,儿童早教、汽车交通、智力开发,不明确,运营中
北京刺槐商贸有限公司,https://cdn.itjuzi.com/images/f40908874095b4e7f13fb73c188b14e5.png?imageView2/0/w/100/q/100,https://www.itjuzi.com/company/83268,电子商务,2011.3,北京·通州区,暂未收录融资信息,刺槐树是一家主要从事韩国进口女装销售的商贸公司，主要业务为销售韩国进口的女装服饰，在国内平台代理零售，隶属于北京刺槐商贸有限公司。,电子商务、服装服饰、跨境货源,30-50人,运营中
陕西中矿科技有限公司,https://cdn.itjuzi.com/images/c910a1bfb22b7165fb718edfab76a630.png?imageView2/0/w/100/q/100,https://www.itjuzi.com/company/83269,企业服务,2008.4,陕西·西安市,暂未收录融资信息,中矿科技是一家主要从事智能过程管理平台的建设及系统软件开发的公司，以中国矿业大学及相关高等院校为技术依托，发挥大学的资源及科技优势并应用与生产过程，致力于能源运输过程的智能化、安全华、信息化、透明化、规范化管理，以及汽车全球定位（北斗GPS)系统的深度整合、基于传感器、RFID、北斗（GPS）等物联网技术的系统开发，隶属于陕西中矿科技有限公司。,企业服务、行业信息化及解决方案、系统开发,30-50人,运营中
上海菜花文化传媒有限公司,https://cdn.itjuzi.com/images/c7584e010c280dcf6738cdde36fd7a2d.png?imageView2/0/w/100/q/100,https://www.itjuzi.com/company/83270,工具软件,2015.11,上海·普陀区,2017.9Pre-A轮数千万人民币,靠谱小程序是一个智能小程序工具平台。通过小程序轻应用化的电商入口，提供多样化的产品和服务，帮助自媒体、品牌和商家实现线上线下一体化的新零售生态。隶属于上海菜花文化传媒有限公司。,微信等腾讯平台、工具软件、系统工具、小程序,不明确,运营中
北京鑫淼诚意科技发展有限公司,https://cdn.itjuzi.com/images/6b4c4f23997c2f449815f403c9d83ac4.png?imageView2/0/w/100/q/100,https://www.itjuzi.com/company/83271,金融,2015.6,北京·朝阳区,暂未收录融资信息,普天金安是一个互联网金融平台，秉承“普天之下，金融安全”的运营宗旨，致力于提供透明、公开、直接、安全的金融服务，普天金安率先引入国外信用管理理念，将小额借款投资管理模式与中国本土情况相结合，发展以实地信审为主，集财富投资理财服务、信审评估、客服支持和风险控制为一体的“信息化服务平台”，向有资金周转需求的小微企业或个人提供资金有偿流动的信用借款咨询和财富投资管理等一体化服务，隶属于北京鑫淼诚意科技发展有限公司。,金融信息化、金融综合服务、汽车交通、借贷,30-50人,运营中
杭州咔嚓科技有限公司,https://cdn.itjuzi.com/images/f64f9808cf2991d88dd2440fa3c20108.png?imageView2/0/w/100/q/100,https://www.itjuzi.com/company/83272,企业服务,2017.6,浙江·杭州市,暂未收录融资信息,KAXVR是一家致力于向企业提供良好的VR服务，促进其业务快速发展的公司，未来我们将为消费者带来高质量的VR文娱内容，并提供消费体验，隶属于杭州咔嚓科技有限公司。,企业服务、黑科技及前沿技术、VR技术、VR行业应用,15-30人,运营中
九九互联科技服务有限公司,https://cdn.itjuzi.com/images/a209c05c921c15e7457246fa7714f419.png?imageView2/0/w/100/q/100,https://www.itjuzi.com/company/83274,企业服务,2016.11,天津·天津市,暂未收录融资信息,九九科技是一家大宗商品供应链管理服务云平台运营公司，平台依托集团旗下煤炭行业企业，利用互联网思维和技术，整合并管理供应链上产生的所有相关数据，形成实时一供应链数据管理服务，囊括各类采、运、销、各类合同、票据、支付凭证、付款凭证、电子仓单、出入库过磅单、承运人信息、车辆、船舶信息、水尺衡重、承运实时位置数据、轨迹数据、上下游客户基础信用资料等等全方位供应链数据，隶属于九九互联科技服务有限公司。,供应链、企业服务、行业信息化及解决方案、服务平台,30-50人,运营中
深圳市火山电子商务有限公司,https://cdn.itjuzi.com/images/2efba55a3969c04735db1fd0066b1d5f.png?imageView2/0/w/100/q/100,https://www.itjuzi.com/company/83275,电子商务,2015.4,广东·深圳市,暂未收录融资信息,火山电商司主要经营旅游电商和实物电商。公司以深入了解产品消费需求为基础，打造整套客户服务全流程标准化处理，精通淘宝运营推广体系，具备多项爆款产品的实战打造，以及淘宝品牌推广项目全流程操盘经验，在项目合作中始终以品牌传播为核心，以客户体验为先导，深度整合行业价值。并致力于推动传统企业电子商务服务体系建设。,社交网络、其他电商服务,不明确,运营中
深圳优趣文化创意有限公司,https://cdn.itjuzi.com/images/130ab8485772f5896201161747c1a5ef.png?imageView2/0/w/100/q/100,https://www.itjuzi.com/company/83276,本地生活,2013.12,广东·深圳市,暂未收录融资信息,优趣文化是一家专注于青年人群居生活研究，并通过线下社区和互联网平台为青年人提供以居住为核心的生活运营服务公司，隶属于深圳优趣文化创意有限公司。,社区、本地生活、其他生活服务,30-50人,运营中
兔子数列（上海）网络科技有限公司,https://cdn.itjuzi.com/images/6925238698bc15417d15f399be3fabc4.png?imageView2/0/w/100/q/100,https://www.itjuzi.com/company/83277,金融,2016.1,上海·闵行区,暂未收录融资信息,兔子数列是一个开放式的贷款经纪人平台，为个人消费者和小微企业提供便捷、安全的消费贷款、企业贷款；为金融机构搭建产品营销推介平台，推出贷款申请者信用评级和增信等服务，同时，帮助机构低成本接触优质资产端。,金融、借贷、信用评级,不明确,运营中
杭州米之发信息科技有限公司,https://cdn.itjuzi.com/images/7726828682210d7402d1b1f8b9189906.png?imageView2/0/w/100/q/100,https://www.itjuzi.com/company/83278,金融,2017.4,浙江·杭州市,暂未收录融资信息,杭州米之发是一家致力于提供便捷的金融服务的金融公司，运用互联网大数据作为主要征信源，建设多维风控模型及智能信审系统，推出了米发钱包APP，隶属于杭州米之发信息科技有限公司。,金融信息化、汽车交通、金融服务平台,15-30人,运营中
奉泰经纬（北京）信息咨询有限公司,https://cdn.itjuzi.com/images/4da463623e40d80aa3d51fb74127bb82.png?imageView2/0/w/100/q/100,https://www.itjuzi.com/company/83279,硬件,2013.12,北京·丰台区,暂未收录融资信息,搞二手的目标是做二手工程机械B2B信用交易平台。主要从事二手工程机械交易。目前已经通过运营《中国二手挖掘机联盟》这个社群。,其他硬件服务、工具软件、机械配件,不明确,运营中
西安指舞飞游网络科技有限公司,https://cdn.itjuzi.com/images/ec8639f6b7388072277a58e5e181a7fc.png?imageView2/0/w/100/q/100,https://www.itjuzi.com/company/83280,游戏,2016.9,陕西·西安市,暂未收录融资信息,指舞飞游是一家新媒体互动传播公司，公司旗下多个微信公众号，H5游戏平台，三大H5产品线—趣测、搞怪专家及248游戏平台，隶属于西安指舞飞游网络科技有限公司。,H5游戏、平台、广告营销、游戏媒体及社区,30-50人,运营中
吉林省亿信源投资担保有限公司,https://cdn.itjuzi.com/images/d6c00099886bc9e3ec945188a6c7b897.png?imageView2/0/w/100/q/100,https://www.itjuzi.com/company/83281,金融,2013.12,吉林·长春市,暂未收录融资信息,亿信源是一家专业从事个人与小微企业融资咨询、融资方案策划、融资代办等服务的公司。公司致力于为有融资需求的客户提供专业的融资咨询、匹配和交易代办服务。基于多年的融资、互联网经验和业务理解能力，以最人性最专业的方式为用户提供各种金融机构、银行和出借机构贷款产品的搜索、匹配服务。,金融、其他企业服务、投融资,暂未收录,运营中
北京奇阵科技有限公司,https://cdn.itjuzi.com/images/665d7d026e782522fd5044f19fdd9e75.png?imageView2/0/w/100/q/100,https://www.itjuzi.com/company/83285,企业服务,2016.6,北京·东城区,暂未收录融资信息,奇阵科技是一家主要研究改变生活方式AR产品的公司，目前致力于开发一款大胆的革命性的改变生活方式的AR产品，隶属于北京奇阵科技有限公司。,AR增强现实、企业服务、黑科技及前沿技术、AR,15-30人,运营中
北京三十四科技有限公司,https://cdn.itjuzi.com/images/5ddf48135b3ffa49c1cb35c6d7d7c690.png?imageView2/0/w/100/q/100,https://www.itjuzi.com/company/83286,金融,2016.4,北京·海淀区,暂未收录融资信息,三十四科技是以科技创新为驱动的创新型投资、孵化平台。公司以北京大学生物医学跨学科研究中心的科技成果为起点，以投资的视角孵化科研成果，从市场和用户出发逆向定位成果的应用场景、发现和挖掘成果的产业价值，并致力于让有浓郁技术范的科研成果从高校开始沿着市场的逻辑继续成长。,金融、投融资、投资孵化,30-50人,运营中
成都执梦科技有限公司,https://cdn.itjuzi.com/images/cce242b46bd130493eeb9768ce67cba9.png?imageView2/0/w/100/q/100,https://www.itjuzi.com/company/83287,企业服务,2015.3,四川·成都市,暂未收录融资信息,执梦科技是一家专注于全球移动互联网开发应用技术的企业，主要从事移动互联应用程序开发，涵盖服务器前后台，Android，iOS，tablet终端，物联网终端及其他设计、研发等领域；公司业务体系涉及办公OA、ERP、医疗、教育、金融、物流，食品追溯、电商等等多个行业，隶属于成都执梦科技有限公司。,企业服务、行业信息化及解决方案、技术开发服务,30-50人,运营中
执鼎医疗科技（杭州）有限公司,https://cdn.itjuzi.com/images/5ee859a449be07b19451fa5e5207696f.png?imageView2/0/w/100/q/100,https://www.itjuzi.com/company/83288,医疗健康,2015.1,浙江·杭州市,暂未收录融资信息,执鼎医疗是一家眼科高精密光学医疗设备的研发制造公司，主要生产OCTA系列相干断层扫描仪，具有较强的自主研发和生产创新能力，旨在医护领域彰显公司的强大的高科技创造和创新能力，积极改善医患关系和人类的康复生活质量，致力造福于人类的医疗健康事业，隶属于执鼎医疗科技（杭州）有限公司。,医疗设备、房产服务、医疗器械及硬件,50-100人,运营中
武汉奥佳尚品科技有限公司,https://cdn.itjuzi.com/images/7fbbf829aa3845c6c15ce9d21714df69.jpg?imageView2/0/w/100/q/100,https://www.itjuzi.com/company/83297,电子商务,2016.5,湖北·武汉市,暂未收录融资信息,安织爱是一家母婴用品安全服务商，传承集团25年医疗产品的生产与质量管理体系，始终关注和贴近婴幼儿及女性的身心健康，致力于为顾客提供安全健康的母婴生活用品和服务，打造“安全、柔软、简洁”的现代生活方式，隶属于武汉奥佳尚品科技有限公司。,安全、母婴、电子商务、母婴服务,15-30人,运营中
重庆通亿付科技股份有限公司,https://cdn.itjuzi.com/images/16a0f24c2415aa6c05ab9ac7f5b667d8.png?imageView2/0/w/100/q/100,https://www.itjuzi.com/company/83299,金融,2016.4,重庆·渝北区,暂未收录融资信息,优鸟钱包是通亿付股份开发的一款移动支付应用软件，由商户收款、用户推广等核心功能组成，为中小商户提供一站式聚合支付收款服务，打造便捷的商户多通道收款方式与多家银行及企业信贷申请服务。,移动支付、金融、支付,30-50人,运营中
湖南玛雅文化传媒有限公司,https://cdn.itjuzi.com/images/6c19c0b111f5be39c06aa07225b4b597.png?imageView2/0/w/100/q/100,https://www.itjuzi.com/company/83300,文化娱乐,2016.9,湖南·长沙市,暂未收录融资信息,"玛雅传媒(Mayamedia),是国内顶尖的数字媒体整合营销服务机构，公司整合全球一线搜索平台、移动社交平台、移动DSP平台、APP广告联盟、移动海外平台等多个领域的布局及规模化运营，为国内外金融、游戏、APP、电商、品牌等广告客户提供最专业的“品牌策划、素材设计、媒体投放、账户托管、效果优化”移动互联网整合营销服务。致力于移动互联广告精准营销，为广告客户提供一站式互联网营销解决方案，帮助广告客户不断提升数字媒体营销能力，获取丰厚的投资回报。  ",文娱媒体及社区、综合文娱、文化娱乐,不明确,运营中
杭州福可思教育科技有限公司,https://cdn.itjuzi.com/images/52bab5a0d2869bf1848f66ac6ae86900.png?imageView2/0/w/100/q/100,https://www.itjuzi.com/company/83302,教育,5,浙江·杭州,暂未收录融资信息,福可思通过整合父母和孩子、线上和线下、人际支持和心理咨询，为亲子心理打造O+O服务平台，隶属于杭州福可思教育科技有限公司。,O2O、儿童经济、教育、亲子教育,10-15人,运营中
浙江华体文化传媒有限公司,https://cdn.itjuzi.com/images/3a61d373b48e6482a557a3c9c3b380b6.png?imageView2/0/w/100/q/100,https://www.itjuzi.com/company/83308,文化娱乐,2016.9,浙江·金华市,2017.9Pre-A轮2000万人民币,华体文化是一家娱乐竞技化美少女天团FFC的运营公司，主打差异化女团，培养在电子竞技表演、体育、演技、舞蹈、唱歌等方面多才能的综合性艺人，目标粉丝受众为16-25岁的游戏爱好者、电竞玩家、球迷、泛足球爱好者、宅男以及女团控等。,粉丝经济、演艺、文化娱乐、艺人,不明确,运营中
四川臬辉科技有限公司,https://cdn.itjuzi.com/images/e74e70344dd0accdd001d7db0d6afa92.jpg?imageView2/0/w/100/q/100,https://www.itjuzi.com/company/83309,房产服务,2013.12,四川,暂未收录融资信息,屋托邦是一家互联网装修平台，互联网装修行业国家标准制定者，首创QMS工程质量管理系统，砍掉装修公司，业主直选工长、设计师、材料商，自主研发手机APP对工地实时监控，第三方监理品质把控，隶属于四川臬辉科技有限公司。,房产服务、电子商务、装修平台、装修装潢,5人以下,运营中
深圳市大达就业趣科技有限公司,无公司logo图片,https://www.itjuzi.com/company/83310,企业服务,2016.11,广东·深圳市,暂未收录融资信息,就业趣是一个求职服务平台，专注于提供求职顾问服务，隶属于深圳市大达就业趣科技有限公司。,企业服务、就业指导、求职,10-15人,运营中
浙江鸿略信息科技有限公司,https://cdn.itjuzi.com/images/ff59990fa948a1c9838bff75d587b2e2.png?imageView2/0/w/100/q/100,https://www.itjuzi.com/company/83312,工具软件,2017.3,浙江·杭州市,暂未收录融资信息,鸿略是一家专业提供在线交易平台和分析工具的软件公司。专注于为金融机构提供美股、港股及期货交易软件，产品线覆盖安卓、IOS、H5和PC客户端；公司还提供专业的交易工具以及高素质的在线自动交易平台。,工具软件、其他工具、交易平台,不明确,运营中
深圳市小马逢源科技有限公司,https://cdn.itjuzi.com/images/78f2968169edb40e02a808c81ae364a3.png?imageView2/0/w/100/q/100,https://www.itjuzi.com/company/83313,本地生活,2017.3,广东,暂未收录融资信息,微伴同行是一款以游艇租售为主的app，致力于打造新一代高端出行游玩产品。通过微伴同行平台，将用户与游艇主人直接关联，减少了繁琐沟通流程，减少了租赁的中间过程，节约时间、资源等成本，使用户得到真正的实惠，隶属于深圳市小马逢源科技有限公司。,APP、租赁、本地生活、游艇、销售,10-15人,运营中
合肥东弘信息科技有限公司,https://cdn.itjuzi.com/images/1346502cd7d4903e95990dde502521f9.png?imageView2/0/w/100/q/100,https://www.itjuzi.com/company/83314,工具软件,2015.3,安徽·合肥市,暂未收录融资信息,东弘信息一家专门从事软件开发、硬件研发、互联网网站开发、移动客户端开发、电子电器技术、技术人才服务为一体的高新技术企业。致力于为客户提供全方位的信息化技术服务。,硬件解决方案、硬件、其他硬件服务、软件开发,不明确,运营中
杭州龙韵科技有限公司,https://cdn.itjuzi.com/images/b729e1e38120453f399fa3d30223bef1.png?imageView2/0/w/100/q/100,https://www.itjuzi.com/company/83315,硬件,2016.12,浙江·杭州市,暂未收录融资信息,龙韵科技是一家由英国CMTM公司提供技术，德国LOMVUM公司负责研发和检测以及专利授权，专注于产品研发、制造与销售为一体的五金工具公司。公司致力于打造高性价比的产品和高效、高质的客户使用体验。,硬件、其他硬件服务、机械配件,50-100人,运营中
广州金穗隆信息科技股份有限公司,https://cdn.itjuzi.com/images/a8d873c3b583c3e1a78521bc17cacf3a.png?imageView2/0/w/100/q/100,https://www.itjuzi.com/company/83317,工具软件,2000.9,广东·广州市,暂未收录融资信息,金穗隆公司是一家以文档输出解决方案为核心的供应商。在客户的文件管理与输出的全部环节当中，以专业顾问的建议和方案的策划实施，为所服务的客户带来安全，成本与效益上的改善，高品质的客户服务是我们与客户关系过程中核心主题。从与客户建立最初的认识开始，公司致力于了解客户的真实需要。,文档传输、工具软件、文件文档,不明确,运营中
成都跟我耍网络技术有限公司,https://cdn.itjuzi.com/images/d96a5c78ff849d36dc4345d7273f4558.png?imageView2/0/w/100/q/100,https://www.itjuzi.com/company/83318,旅游,2015.11,四川·成都市,暂未收录融资信息,"跟我耍-成都最玩乐是一家乡村休闲自驾周边游服务商，提供大成都范围内,所有的农家乐休闲自驾周边游平台服务，隶属于成都跟我耍网络技术有限公司。",农家乐、平台、旅游、周边短途游、自驾游,15-30人,运营中
杭州也行信息技术有限公司,https://cdn.itjuzi.com/images/7ac4e0cae46177444272557d5594e42b.png?imageView2/0/w/100/q/100,https://www.itjuzi.com/company/83320,企业服务,2017.2,浙江·杭州市,暂未收录融资信息,杭州也行信息技术有限公司是一家专注于技术开发的互联网公司。“软件开发、微信运营、技术服务”是公司的核心业务 “做前沿的互联网潮人”是也行的产品理念。也行开创了用互联网模式来改变技术开发和企业营销的模式。,微信营销、房产服务、行业信息化及解决方案、软件开发,15-30人,运营中
平衡科技（深圳）有限公司,https://cdn.itjuzi.com/images/2283ffb2c893e35f98989b0e21124528.png?imageView2/0/w/100/q/100,https://www.itjuzi.com/company/83322,教育,2016.11,广东·深圳市,2017.9天使轮80万美元,音乐而聚是一个音乐学习平台，线下直接对接名师，以模板将他们的课程制作成带有互动性、碎片化的在线教材；给到老师付费课程收入的分成，且订阅量达到不同级别给予不同的奖金。,教育、兴趣教育、音乐教学,暂未收录,运营中
印记（深圳）网络技术有限公司,https://cdn.itjuzi.com/images/feacce42bc78f2e5982eaadeac9721ef.png?imageView2/0/w/100/q/100,https://www.itjuzi.com/company/83323,本地生活,2015.12,广东·深圳市,2015.12天使轮1000万人民币,印记云打印是一家云打印服务提供商，用户可通过微信公众号或APP操控终端进行打印作业，终端设备可进行照片冲印及Word、PPT、PDF、Excel、TXT等格式的文档打印服务。,其他生活服务、女性创业者、本地生活,不明确,运营中
深圳市探源教育科技发展有限公司,https://cdn.itjuzi.com/images/da05a055ec35cc9fcf8315b00c99718f.png?imageView2/0/w/100/q/100,https://www.itjuzi.com/company/83327,教育,2016.5,广东·深圳市,暂未收录融资信息,少年创客工场专注于青少年的创客培养，以创客体验馆为核心，实践为基础，培训为载体。 实现“少年创客”的终身养成计划，公司坚持“勇敢创思，探研实践，团队协作”的教育理念，发现每一个孩子的个体潜能，辅助其突破现有的发展空间。并致力于培养孩子敢于尝试的精神以及团队协作的能力，为社会培训各类创新型的实用人才。 ,教育、儿童早教,30-50人,运营中
深圳源创智能照明有限公司,https://cdn.itjuzi.com/images/5c30d09da6235dfe188884cd8a2c34da.png?imageView2/0/w/100/q/100,https://www.itjuzi.com/company/83330,硬件,2013.2,广东·深圳市,暂未收录融资信息,源码照明集研发、生产和销售于一体的综合型照明企业，由香港源创电子科技有限公司和深圳硕日新能源科技有限公司联合投资成立，公司产品从最初主营“LED室内照明系列”，进而推出“智能室内照明系列”，到专注于LED路灯领域的“太阳能一体化路灯”，再到现在“太阳能智慧路灯”。公司致力于用智慧为人们创造更舒适，更节能，更高品质的生活环境。,硬件、智能家居,300-500人,运营中
成都慧想科技有限责任公司,无公司logo图片,https://www.itjuzi.com/company/83331,本地生活,2012.12,四川·成都市,暂未收录融资信息,慧想科技是一家现代化的科技营销公司，主营业务为妈妈慧项目，为女性用户提供全方位的家庭生活服务解决方案。通过线上线下的营销模式，为妈妈们提供定制化的全方位解决方案，帮助妈妈更快捷、更放心地选择产品和服务，提高生活效率和品质。公司致力于打造西南地区最具影响力的社会化营销平台。,商户服务及信息化、社交网络、科技媒体,50-100人,运营中
北京波巴布信息技术有限责任公司,https://cdn.itjuzi.com/images/787b0ff7104f472e17a293a1072c4363.png?imageView2/0/w/100/q/100,https://www.itjuzi.com/company/83332,金融,2016.11,北京·朝阳区,2017.8Pre-A轮6000万人民币,波巴布是一家房屋抵押贷款服务提供商。为个人提供房屋抵押贷款，同时为资金端提供住房金融流量运营和风控服务的金融服务，帮助资金端找到精准匹配、具有大额融资需求的用户。,房贷、金融、借贷,100-150人,运营中
唛斯(深圳)传媒有限公司,https://cdn.itjuzi.com/images/23ba87cedbe26e807c9b50bd00b13aed.png?imageView2/0/w/100/q/100,https://www.itjuzi.com/company/83333,文化娱乐,2016.12,广东·深圳市,暂未收录融资信息,Mars是一家专为客户提供各种公关需求、品牌包装、活动策划的传媒公司，根据不同客户产品所处不同领域的竞争状况、市场变化趋势和消费者需求进行详细研究调查，为客户提供有针对性的策略建议，把握最具市场竞争力的市场定位，为客户制定可行的实施方案，建立并维护品牌形象，以此来为客户打开市场致。公司致力于力于帮助客户完成最有效的商业推广，实现客户企业完美价值。,其他文娱服务、文化娱乐、文娱传媒,不明确,运营中
北京小钳科技有限公司,无公司logo图片,https://www.itjuzi.com/company/83334,电子商务,2016.6,北京·房山区,暂未收录融资信息,小钳科技是是一家专注于高校大学生市场的电商导购平台，致力于为在校大学生创造更为精准便捷的购物体验。,电子商务、其他电商服务、电商代理,不明确,运营中
深圳市世云新媒体有限公司,https://cdn.itjuzi.com/images/0b88cc51c94938bcaea78837cd69af0b.png?imageView2/0/w/100/q/100,https://www.itjuzi.com/company/83337,企业服务,2014.3,广东·深圳市,2016.12A轮1200万人民币,iH5是一款零代码Web开发工具，提供了一套移动端H5的开发框架，为用户提供底层操作工具，让用户摆脱模板，设计出自己所需的H5页面，致力于将代码可视化，让用户实现零代码制作H5页面，并为用户提供页面制作教程等服务，深圳市世云新媒体有限公司旗下产品。,企业服务、B2D开发者服务,100-150人,运营中
上海鹿采国际贸易有限公司,无公司logo图片,https://www.itjuzi.com/company/83338,物流,2015.11,上海·浦东新区,暂未收录融资信息,鹿采是一家国际贸易公司，主要经营从事货物及技术的进出口业务。公司致力于为客户提供好的产品和技术支持、健全的售后服务。,跨境物流、物流,不明确,运营中
北京地出科技有限公司,无公司logo图片,https://www.itjuzi.com/company/83339,物流,2017.3,北京·朝阳区,暂未收录融资信息,地出生鲜是一家生鲜供应链平台，通过互联网平台化的方式，整合农产品供应链，公司致力于解决农产品流通过程中，中间环节过多，流通效率低，农产品质量无法追溯等问题。,供应链、其他物流、物流,不明确,运营中
友盒,https://cdn.itjuzi.com/images/4db10546bff45f85f48c0e8e1feeafbd.png?imageView2/0/w/100/q/100,https://www.itjuzi.com/company/83340,本地生活,2016.8,北京·朝阳区,2017.6A轮数千万人民币,友盒是一个无人值守货架品牌，通过在办公室场景中植入组合式货架、在校园场景中植入零食盒子等方式，致力于打通零售的最后10米。,本地生活、其他生活服务、零售,不明确,运营中
广州尊凯皮具有限公司,无公司logo图片,https://www.itjuzi.com/company/83341,电子商务,2011.1,广东·广州市,暂未收录融资信息,尊凯皮具是一家集单肩包、手提包、公文包、手包、钱包等产品专业生产加工的公司，公司致力于以不偏不失的稳定质量做到每一件产品都是完美的品质体现。,电子商务、其他电商服务、箱包,暂未收录,运营中
河北车车投资有限公司,https://cdn.itjuzi.com/images/71c62c3e8cc2ca8de8d2b45035d34440.png?imageView2/0/w/100/q/100,https://www.itjuzi.com/company/83342,汽车交通,2015.6,河北·石家庄市,暂未收录融资信息,车车投资是一家专注汽车后市场的金融公司，致力于汽车后市场+互联网行业，立足石家庄，开发有车车宝贝APP，隶属于河北车车投资有限公司。,汽车保养、汽车维修、汽车交通、汽车后服务,50-100人,运营中
北京众合诚成知识产权代理有限公司,https://cdn.itjuzi.com/images/fc2b747fb964900842abbacc8d18516d.png?imageView2/0/w/100/q/100,https://www.itjuzi.com/company/83344,企业服务,1999.6,北京·西城区,暂未收录融资信息,众合诚成知识产权是一家是一家集专利代理、商标代理、植物品种权代理、版权代理等代理业务于一体的综合性的国内、外知识产权事务代理机构，专业领域涉及到国防工程、电气、计算机及通讯工程、自动化控制、医药和生物工程、化学工程、机械电子一体化、半导体及微细加工、土木建筑、新材料、环境科学等各大领域的国内外专利，为客户提供服务，隶属于北京众合诚成知识产权代理有限公司。,商标专利、企业服务、法律服务、代理、知识产权服务,50-100人,运营中
西安诚优网络科技有限责任公司,https://cdn.itjuzi.com/images/920ed517f7d3736a2f26c06718914582.png?imageView2/0/w/100/q/100,https://www.itjuzi.com/company/83346,广告营销,2015.12,陕西·西安市,暂未收录融资信息,西安诚优网络是一家互联网广告公司，主要从事互联网的广告代理、发布、广告数据服务、广告优化等服务，成为大数据时代的弄潮儿，隶属于西安诚优网络科技有限责任公司。,广告代理、广告营销、网络广告、移动及网络广告,30-50人,运营中
深圳传胜文化传播有限公司,无公司logo图片,https://www.itjuzi.com/company/83348,文化娱乐,2017.8,广东·深圳市,暂未收录融资信息,传胜是一家主要从事摄影、平面拍摄、视频拍摄等工作的公司，运营电脑软件进行照片后期设计，达到客户的要求，隶属于深圳传胜文化传播有限公司。,摄影、图片照片、文化娱乐,15-30人,运营中
爱享叁陆伍网络技术（深圳）有限公司,https://cdn.itjuzi.com/images/5b8308f8289d8c61512be5a507a33c64.png?imageView2/0/w/100/q/100,https://www.itjuzi.com/company/83350,企业服务,2017.3,广东·深圳市,暂未收录融资信息,爱享365是一家为广大消费者和商业零售、批发企业或商品生产、流通企业提供聚合服务的平台公司，建立消费合伙人模式，打破传统商业模式，把传统的买家、卖家用“消费合伙人”“分享合伙人”、“商家、企业合伙人”方式集合到平台，隶属于爱享叁陆伍网络技术（深圳）有限公司。,零售信息化、电子商务、行业信息化及解决方案、批发,15-30人,运营中
联合空港出行科技有限公司,无公司logo图片,https://www.itjuzi.com/company/83351,汽车交通,2017.8,湖南·长沙市,暂未收录融资信息,空港出行是一家致力于航空交通出行产业服务的科技公司，公司业务包括出租汽车电召服，代驾服务，电话预约客运服务，信息技术咨询服务，广告制作服务、发布服务，旅游管理服务，互联网接入及相关服务，旅客票务代理，机票代理等，隶属于联合空港出行科技有限公司。,交通出行、房产服务、出行工具、航空货运,30-50人,运营中
杭州风数信息科技有限公司,https://cdn.itjuzi.com/images/e55da9ae801ce0d51214faa8b8dc0813.png?imageView2/0/w/100/q/100,https://www.itjuzi.com/company/83352,企业服务,2017.2,浙江·杭州市,暂未收录融资信息,风数是一个机场商业的大数据服务平台，公司面向全球机场与上下游产业机构，提供一体化商业大数据综合应用方案，自主研发“智能机场云“大数据平台，搭载规模化数据处理、云计算、机器学习、AI等技术，通过机场商业、旅客数据的聚合应用，与全球机场消费场景的协同，为行业输出旅客画像、大数据分析、场景营销、交叉销售等SaaS服务，助力机场商圈产业升级，隶属于杭州风数信息科技有限公司。,大数据、企业服务、行业信息化及解决方案、机场、大数据平台,30-50人,运营中
北京七年教育科技有限公司,https://cdn.itjuzi.com/images/fc82baef1ea7f580137b9ae6ac95b752.png?imageView2/0/w/100/q/100,https://www.itjuzi.com/company/83354,教育,2015.12,北京·朝阳区,暂未收录融资信息,新生大学是一个在线教育机构，会员采用年费制，为付费会员提供在线课程、各类嘉宾分享，组织社区活动等，帮助会员成长，旨在成为一所互联网大学，帮助想要学习自我提升的人，有针对性的帮助他们实现学习能力和职场技能的提升，隶属于北京七年教育科技有限公司。,教育、教育综合服务、移动互联网教育、职业发展、在线学习,30-50人,运营中
北京华通时代科技发展有限公司,https://cdn.itjuzi.com/images/6428b2a68b9f087b039667023a087e4f.png?imageView2/0/w/100/q/100,https://www.itjuzi.com/company/83355,企业服务,2005.8,北京·海淀区,暂未收录融资信息,华通时代是一家立足本土的监控集成公司及IT专业服务公司，公司业务包括华通自有解决方案的设计实施，也包括与国际专业方案商合作进行针对本土企业的优化与实施，专注于相关领域的业务流程及信息技术服务，致力于通过与客户合作，帮助其实现整体业绩的提升和持续成长，隶属于北京华通时代科技发展有限公司。,外包、企业服务、综合企业服务、行业信息化及解决方案、人力资源服务,50-100人,运营中
深圳兆鼎科技有限公司,https://cdn.itjuzi.com/images/481f3036a8a941543340c510375bf6a3.png?imageView2/0/w/100/q/100,https://www.itjuzi.com/company/83356,企业服务,2012.5,广东·深圳市,暂未收录融资信息,兆鼎科技是一家专注于为企业提供优质的信息技术服务的公司，致力于为企业提供信息化系统定制、软件人才外包、通信人才外包等服务领域，主营业务有：提供SAPME软件定制与开发、可定制的ERP系统、软件人才外包、为教育体系提供信息教学解决方案，隶属于深圳兆鼎科技有限公司。,外包、企业服务、行业信息化及解决方案、系统研发、技术开发服务,50-100人,运营中
西安快鸟网络科技有限公司,https://cdn.itjuzi.com/images/1a8589de2fd5458d5e4b866ac362d10c.png?imageView2/0/w/100/q/100,https://www.itjuzi.com/company/83357,本地生活,2017.3,陕西·西安市,暂未收录融资信息,小蜂车是一个共享购物车品牌，主要定位于解决民众短距离的负重需求，成为超市、农贸市场、购物中心与社区之间的运输纽带，还将通过与超市联合建立大数据中心，为超市提供消费数据分析、选品分析、产品推送、消费者征信等大数据服务。,本地生活、其他生活服务、连续创业者、共享租赁,暂未收录,运营中
上海喜悦家工艺品有限公司,https://cdn.itjuzi.com/images/dc72475b0378c0f68a9a43ba1e67a13a.png?imageView2/0/w/100/q/100,https://www.itjuzi.com/company/83358,电子商务,2013.12,上海·宝山区,暂未收录融资信息,喜悦家是一个时尚床品品牌方，公司团队主要以床上用品工艺产品设计以及品牌运营为主，致力成为新兴床品品牌，隶属于上海喜悦家工艺品有限公司。,独立品牌、本地生活、设计及创意、母婴玩具,50-100人,运营中
北京西山春社文化投资管理有限公司,https://cdn.itjuzi.com/images/da2cdf0e84a020e665c232e6ab36e4d2.png?imageView2/0/w/100/q/100,https://www.itjuzi.com/company/83359,本地生活,2015.1,北京·海淀区,2017.6天使轮1000万人民币,妙云先生是一个新中式生活方式品牌，面向中高端人群，通过展现妙云先生的生活方式，传达这个时代之于传统文化的一种价值观。,本地生活、其他生活服务、连续创业者、女性创业者、文化艺术,不明确,运营中
景德镇市五棵树电子商务有限公司,https://cdn.itjuzi.com/images/eeb5a00ab6ff4d589b6e1b46a011917c.png?imageView2/0/w/100/q/100,https://www.itjuzi.com/company/83362,物流,2017.1,江西·景德镇市,暂未收录融资信息,五颗树电子商务是一家主营欧洲到中国的跨境物流和电子商务的公司，业务主营企业以及个人等的跨境物流、快件、仓储等服务，隶属于景德镇市五棵树电子商务有限公司。,仓储服务、跨境物流、物流,30-50人,运营中
北京旷智信息科技有限公司,https://cdn.itjuzi.com/images/587fe3b8954f9a2778f35b976de6eb6d.png?imageView2/0/w/100/q/100,https://www.itjuzi.com/company/83364,教育,2013.4,北京,暂未收录融资信息,TogoCareer成立于2014年，是一个基于合伙人制度的职业咨询服务网络。Ryan结合IBM/Google等大型外企内部的能力评测模型与职业规划方法，将专业咨询引入求职服务领域，提供高质量、体系化与模型化的专业求职服务。经过两年多的快速发展，已成为拥有数十名位全职求职咨询顾问，五百余位职业专家导师的职业咨询网络，为数百位来自全球各地的毕业生提供早期职业发展咨询与猎头服务，与许多国内多家名企建立了深度合作关系。,教育、职业培训,100-150人,运营中
广州先迈商贸有限公司,https://cdn.itjuzi.com/images/eee4d54114e2de885d8d22eda51ac045.png?imageView2/0/w/100/q/100,https://www.itjuzi.com/company/83365,电子商务,2014.9,广东·广州市,暂未收录融资信息,先迈网是一个互联网营销+电商平台，平台覆盖了营销推广、互联网传播、移动电商等领域，旨在将传统互联网电商与营销推广相结合，建立属于自己的移动电商营销网络，致力于成为创新和颠覆性的电商平台，引领消费模式和营销模式的变革，构建企业、平台、会员三方互利共赢的互联网新生态，让企业实现营销流量变现，让会员将自己的技能与服务转变为佣金收入，隶属于广州先迈商贸有限公司。,电商平台、电商解决方案、社交网络、营销推广,30-50人,运营中
钉云（厦门）信息科技有限公司,https://cdn.itjuzi.com/images/a13de85557ee7f54b1c6da1f69c23c06.png?imageView2/0/w/100/q/100,https://www.itjuzi.com/company/83366,企业服务,2016.9,福建·厦门市,暂未收录融资信息,钉云是一家专业的互联基础应用服务提供商，为客户提供钉钉企业咨询、培训、软件研发，助力企业开启云和移动办公时代，公司团队业务主要覆盖福建地区，依托厦门本地资源优势，立足厦漳泉，辐射福建全省，隶属于钉云（厦门）信息科技有限公司。,IT基础设施、移动办公、企业服务、综合企业服务,30-50人,运营中
深圳前海芭比金刚科技有限公司,https://cdn.itjuzi.com/images/0641485d3b778bf30e96f8f7765d38c6.png?imageView2/0/w/100/q/100,https://www.itjuzi.com/company/83367,医疗健康,2015.7,广东·深圳市,2017.4天使轮未透露,芭比金刚是一家妇科健康个护用品研发商，从冲洗器与自助式妇科常规检查入手，专注于妇科健康医疗；提倡以正确安全的方式护理女性私密部位，不再被妇科卫生问题所困扰。,女性健康、医疗健康、健康保健,10-15人,运营中
杭州巴瓜潭科技有限公司,https://cdn.itjuzi.com/images/cdf6122ed0b6eb647e48ae164c011590.png?imageView2/0/w/100/q/100,https://www.itjuzi.com/company/83368,企业服务,2014.3,浙江·杭州市,暂未收录融资信息,巴瓜潭是一家主要开发产品方向为以用户数据为基础的综合营销支撑系统的公司，为传统的商家解决，如何从线下走到线上的技术支撑问题，公司独立研发“订配大师”供应链管理系统，专注于传统配送行业的互联网订货管理系统，帮助企业取代电话、传真、QQ、手写等传统订货方式，实现移动订货下单、商品采购、分拣、订单处理、库存、价格管控、客户管理、配送、报表统计等信息的在线管理，构建企业客户订货电商平台，隶属于杭州巴瓜潭科技有限公司。,供应链、广告营销、行业信息化及解决方案、传统行业互联网化、管理系统,30-50人,运营中
上海思远影视文化传播有限公司,https://cdn.itjuzi.com/images/26b92cb2974e53973843d17efa93a663.png?imageView2/0/w/100/q/100,https://www.itjuzi.com/company/83369,本地生活,2001.8,上海·黄浦区,暂未收录融资信息,UME影院是一家影视及影院运营商，提供最新电影介绍，影片预售信息、影片播放等服务；采用别具一格的装潢风格和人性化设施，面向以白领及外籍人士为主的用户群体，提供电影播放服务，设立了明星手印长廊，并且承办明星见面宣传活动。,休闲娱乐、文化娱乐、电影院线,不明确,运营中
深圳前海易享时代商业服务有限公司,https://cdn.itjuzi.com/images/647e3dcbdf0f18bb908692f8494eb808.png?imageView2/0/w/100/q/100,https://www.itjuzi.com/company/83371,工具软件,2016.9,广东,暂未收录融资信息,深圳前海E享时代商业服务有限公司于2016年9月在深圳成立，是一家携手商家会员、消费者会员、全国运营商、各区域运营代理商、软件开发商，以及相关联的所有第三方合作联盟者，共同搭建和打造的一个创新消费商业服务模式经营企业。截至目前，e享时代已经成功发展会员近4万个，发展联盟商户千余户，并凭借实力率先与多家银行、支付平台达成战略合作，力求快速构建成为国内领先的的创新消费平台。,电子商务、其他电商服务,100-150人,运营中
杭州壹新软件技术有限公司,https://cdn.itjuzi.com/images/e3451307c61228f19336d6b47a818c3b.png?imageView2/0/w/100/q/100,https://www.itjuzi.com/company/83372,社交网络,2017.8,浙江·杭州市,暂未收录融资信息,TradeBC是一个第三方社区交易分享平台，公司致力于研发社区软件平台，提供社区专享的信息策略的服务，实时推送和智能跟单，隶属于杭州壹新软件技术有限公司。,平台、社区、商务社交、社交网络,10-15人,运营中
深圳市前海海韬建设科技工程有限公司,https://cdn.itjuzi.com/images/b32a2be3c34a1285cde7660e607f9970.png?imageView2/0/w/100/q/100,https://www.itjuzi.com/company/83284,企业服务,2013.11,广东·深圳市,暂未收录融资信息,前海海韬是一个门窗幕墙人的知识共享平台运营公司，“艾特窗客”是公司旗下一款微课产品，是门窗幕墙人的知识共享平台，汇聚了30大类全产业链的语音课程，已与数十名专家学者签约授课，致力于为行业的专家学者大牛、各类材料供应商的技术总工以及全产业链上的广大从业者搭建一个知识共享的平台，隶属于深圳市前海海韬建设科技工程有限公司。,微信等腾讯平台、企业服务、行业信息化及解决方案、微课,30-50人,运营中
长沙闪闪互动网络科技有限公司,https://cdn.itjuzi.com/images/fc1c977ba31b2d66653bd9ce9283c206.png?imageView2/0/w/100/q/100,https://www.itjuzi.com/company/83282,游戏,2014.12,湖南·长沙市,暂未收录融资信息,闪闪互动是一家从事手机游戏运营发行、分销的公司，与各大手机游戏平台、应用市场、媒体频道保持合作，是多家厂商及平台的战略合作伙伴，隶属于长沙闪闪互动网络科技有限公司。,游戏开发商、游戏、手机游戏,30-50人,运营中
广州野不野文化传播有限公司,https://cdn.itjuzi.com/images/7bc80b06e2aa36c1fbd4d6bd1ef536a1.png?imageView2/0/w/100/q/100,https://www.itjuzi.com/company/83212,体育运动,2017.3,广东·广州市,2017.3种子轮30万人民币,越野在现场是一个为户外运动赛事提供视频拍摄和赛事传播服务平台，公司拍摄的视频主要包括赛前专访、冠军专访、赛中第一集团选手实况和起跑、终点冲刺直播等内容。涉足领域为越野跑、马拉松和铁人三项，隶属于广州野不野文化传播有限公司。,跑步运动、体育运动、赛事运营及经纪、户外及极限运动、赛事运营,10-15人,运营中
浙江聚脑科技有限公司,https://cdn.itjuzi.com/images/7326f04d37428eddbe5c07847e63c78d.png?imageView2/0/w/100/q/100,https://www.itjuzi.com/company/83151,医疗健康,2016.9,浙江·杭州,暂未收录融资信息,浙江聚脑科技有限公司，成立于2016年09月，位于中国·杭州西湖区。是一家集智能健康生活+互联网技术架构解决方案的新型科技公司。“经营健康、管理生命，做中国健商。,电子商务、跨境电商,15-30人,运营中
上海米客酒业有限公司,https://cdn.itjuzi.com/images/e5c51e3b8b30d6d6bfc8beec1b26c3de.png?imageView2/0/w/100/q/100,https://www.itjuzi.com/company/83152,电子商务,2014.9,上海·浦东新区,2016.2天使轮数百万人民币,MIK米客米酒是一个发酵型原酿米酒品牌，混以特色水果口味，酒精含量6%VOL。现市场售卖口味以原味、桂花味、苹果味为主，隶属于上海米客酒业有限公司。,独立品牌、电子商务、生鲜食品、酒水饮料,15-30人,运营中
深圳市百高汇科技发展有限公司,https://cdn.itjuzi.com/images/d74dce08977f5c715785558e27f8539d.png?imageView2/0/w/100/q/100,https://www.itjuzi.com/company/83153,企业服务,2013.8,广东·深圳市,暂未收录融资信息,百高汇科技是一家专注于弱电智能化、安防监控工程建设及智能化、安全防护云平台运营服务的公司，依靠工程设计施工经验，拥有技术团队，为客户提供从建筑方案设计阶段、施工图设计阶段及现场施工阶段的全生命周期服务，业务涵盖智慧城市建设至智能大厦到其它弱电系统工程领域，为客户提供满意的一体化解决方案和细致入微的服务，隶属于深圳市百高汇科技发展有限公司。　　,智能家居、企业服务、行业信息化及解决方案、建筑工程设计,30-50人,运营中
唐壶（北京）文化有限公司,https://cdn.itjuzi.com/images/45a1e49ccb07f0046bf2d2c08902eeac.jpg?imageView2/0/w/100/q/100,https://www.itjuzi.com/company/83154,本地生活,2016.8,北京·朝阳区,暂未收录融资信息,茶煮是一家新式中国茶饮品牌，茶煮的茶类可以具体分为以下三类：—类是纯茶类：以现煮的熟普、乌龙、红茶等为主，这类产品基本满足了商务会谈的需求；—类是茶拿铁，将鲜奶与茶混煮；一类是花果茶。唐壶（北京）文化有限公司旗下产品。,O2O、本地生活、美食餐饮、下午茶、茶叶,15-30人,运营中
北京潮尚辣家餐饮管理有限公司,https://cdn.itjuzi.com/images/47bf3904b9e3763c3ffde5e17321aa9b.png?imageView2/0/w/100/q/100,https://www.itjuzi.com/company/83155,本地生活,2013.1,北京·东城区,暂未收录融资信息,辣家私厨是一家龙虾餐饮连锁品牌，主营各种口味的小龙虾。,本地生活、美食餐饮、餐饮连锁,不明确,运营中
广东去买票科技股份有限公司,https://cdn.itjuzi.com/images/903b07aff91c7e2ecd3a1bb0524a3d19.png?imageView2/0/w/100/q/100,https://www.itjuzi.com/company/83156,本地生活,2016.1,广东·广州市,2017.8天使轮数百万人民币,去买票是一家票务管理系统研发商，致力于为用户提供线上线下全渠道票务交易解决方案，帮助用户建立自有票务管理系统及webpos收银系统，此外，还提供网络分销渠道及其他软硬件配套智能票务设施。,票务、O2O、商户服务及信息化、电子商务,15-30人,运营中
热狗科技（北京）有限公司,https://cdn.itjuzi.com/images/fc60fd72f8510e4534f1a9b3443378d2.png?imageView2/0/w/100/q/100,https://www.itjuzi.com/company/83157,企业服务,2017.2,北京·朝阳区,暂未收录融资信息,热狗科技是一家专注于移动互联网出海市场的公司，目前受到风险投资基金投资的创业公司，主要致力于海外市场拓展，隶属于热狗科技（北京）有限公司。,海外置业、海外市场、企业服务、行业信息化及解决方案、宣传推广,15-30人,运营中
